poke_id, location_name
Squirtle, Kanto Route 24
Bulbasaur, Kanto Route 24
Tentacool,Abandoned Ship
Tentacruel,Abandoned Ship
Magikarp,Abandoned Ship
Pineco,Altering Cave
Mareep,Altering Cave
Zubat,Altering Cave
Aipom,Altering Cave
Shuckle,Altering Cave
Houndour,Altering Cave
Stantler,Altering Cave
Teddiursa,Altering Cave
Smeargle,Altering Cave
Pineco,Altering Cave
Mareep,Altering Cave
Zubat,Altering Cave
Aipom,Altering Cave
Shuckle,Altering Cave
Houndour,Altering Cave
Stantler,Altering Cave
Teddiursa,Altering Cave
Smeargle,Altering Cave
Registeel,Ancient Tomb
Smeargle,Artisan Cave
Remoraid,Azure Bay
Slowpoke,Azure Bay
Wingull,Azure Bay
Chinchou,Azure Bay
Lanturn,Azure Bay
Lapras,Azure Bay
Inkay,Azure Bay
Octillery,Azure Bay
Binacle,Azure Bay
Mantyke,Azure Bay
Alomomola,Azure Bay
Dwebble,Azure Bay
Chatot,Azure Bay
Exeggcute,Azure Bay
Tentacool,Azure Bay
Luvdisc,Azure Bay
Sudowoodo,Battle Frontier (Generation III)
Breloom,Battle Frontier (Generation III)
Wobbuffet,Battle Frontier (Generation III)
Electrode,Battle Frontier (Generation III)
Dusclops,Battle Frontier (Generation III)
Meowth,Battle Frontier (Generation III)
Milotic,Battle Frontier (Generation III)
Seviper,Battle Frontier (Generation III)
Sharpedo,Battle Resort
Camerupt,Battle Resort
Octillery,Battle Resort
Mantyke,Battle Resort
Tentacruel,Battle Resort
Mantine,Battle Resort
Remoraid,Battle Resort
Tentacool,Battle Resort
Pelipper,Battle Resort
Magikarp,Battle Resort
Spinda,Bell Tower
Rattata,Bell Tower
Suicune,Bell Tower
Chatot,Bell Tower
Gastly,Bell Tower
Meditite,Bell Tower
Zigzagoon,Bell Tower
Ho-Oh,Bell Tower
Ledyba,Berry fields (Kalos)
Volbeat,Berry fields (Kalos)
Burmy,Berry fields (Kalos)
Spewpa,Berry fields (Kalos)
Illumise,Berry fields (Kalos)
Combee,Berry fields (Kalos)
Oddish,Berry Forest
Venomoth,Berry Forest
Slowpoke,Berry Forest
Weepinbell,Berry Forest
Gloom,Berry Forest
Golduck,Berry Forest
Seaking,Berry Forest
Drowzee,Berry Forest
Slowbro,Berry Forest
Gyarados,Berry Forest
Pidgey,Berry Forest
Goldeen,Berry Forest
Poliwag,Berry Forest
Psyduck,Berry Forest
Bellsprout,Berry Forest
Venonat,Berry Forest
Hypno,Berry Forest
Exeggcute,Berry Forest
Pidgeotto,Berry Forest
Magikarp,Berry Forest
Deoxys-normal,Birth Island
Spinda,Burned Tower
Raticate,Burned Tower
Rattata,Burned Tower
Koffing,Burned Tower
Krabby,Burned Tower
Weezing,Burned Tower
Chatot,Burned Tower
Magmar,Burned Tower
Zubat,Burned Tower
Shuckle,Burned Tower
Meditite,Burned Tower
Zigzagoon,Burned Tower
Muk,Castelia Sewers
Rattata,Castelia Sewers
Grimer,Castelia Sewers
Zubat,Castelia Sewers
Mawile,Cave of Origin
Zubat,Cave of Origin
Kyogre,Cave of Origin
Golbat,Cave of Origin
Sableye,Cave of Origin
Groudon,Cave of Origin
Eevee,Celadon Condominiums
Seaking,Kanto Route 25
Pidgey,Kanto Route 25
Weedle,Kanto Route 25
Bellsprout,Kanto Route 25
Kingler,Kanto Route 25
Oddish,Kanto Route 25
Weepinbell,Kanto Route 25
Goldeen,Kanto Route 25
Abra,Kanto Route 25
Poliwhirl,Kanto Route 25
Pidgeotto,Kanto Route 25
Hoothoot,Kanto Route 25
Caterpie,Kanto Route 25
Noctowl,Kanto Route 25
Butterfree,Kanto Route 25
Psyduck,Kanto Route 25
Metapod,Kanto Route 25
Kakuna,Kanto Route 25
Venomoth,Kanto Route 25
Slowpoke,Kanto Route 25
Krabby,Kanto Route 25
Gyarados,Kanto Route 25
Poliwag,Kanto Route 25
Venonat,Kanto Route 25
Magikarp,Kanto Route 25
Rhydon,Cerulean Cave
Seaking,Cerulean Cave
Arbok,Cerulean Cave
Slowbro,Cerulean Cave
Chansey,Cerulean Cave
Marowak,Cerulean Cave
Wigglytuff,Cerulean Cave
Kadabra,Cerulean Cave
Kingler,Cerulean Cave
Golbat,Cerulean Cave
Seadra,Cerulean Cave
Dodrio,Cerulean Cave
Weepinbell,Cerulean Cave
Goldeen,Cerulean Cave
Electrode,Cerulean Cave
Magneton,Cerulean Cave
Ditto,Cerulean Cave
Graveler,Cerulean Cave
Lickitung,Cerulean Cave
Venomoth,Cerulean Cave
Parasect,Cerulean Cave
Gloom,Cerulean Cave
Mewtwo,Cerulean Cave
Poliwag,Cerulean Cave
Rhyhorn,Cerulean Cave
Raichu,Cerulean Cave
Sandslash,Cerulean Cave
Hypno,Cerulean Cave
Magikarp,Cerulean Cave
Krabby,Cliff Cave
Steelix,Cliff Cave
Makuhita,Cliff Cave
Chingling,Cliff Cave
Absol,Cliff Cave
Quagsire,Cliff Cave
Zubat,Cliff Cave
Machop,Cliff Cave
Geodude,Cliff Cave
Onix,Cliff Cave
Bronzor,Cliff Cave
Graveler,Cliff Cave
Kingler,Cliff Cave
Machoke,Cliff Cave
Golbat,Cliff Cave
Misdreavus,Cliff Cave
Wooper,Cliff Cave
Whismur,Connecting Cave
Meditite,Connecting Cave
Axew,Connecting Cave
Zubat,Connecting Cave
Cresselia,Crescent Isle
Darumaka,Desert Resort
Darmanitan-standard,Desert Resort
Sigilyph,Desert Resort
Maractus,Desert Resort
Hippowdon,Desert Resort
Scraggy,Desert Resort
Trapinch,Desert Resort
Sandile,Desert Resort
Sandshrew,Desert Resort
Dwebble,Desert Resort
Regirock,Desert Ruins
Whismur,Desert Underpass
Ditto,Desert Underpass
Loudred,Desert Underpass
Aerodactyl,Devon Corporation
Tyrunt,Devon Corporation
Amaura,Devon Corporation
Kabuto,Devon Corporation
Cranidos,Devon Corporation
Anorith,Devon Corporation
Tirtouga,Devon Corporation
Archen,Devon Corporation
Shieldon,Devon Corporation
Lileep,Devon Corporation
Omanyte,Devon Corporation
Giratina,Distortion World
Dratini,Dragon's Den
Dragonair,Dragon's Den
Magikarp,Dragon's Den
Panpour,Dreamyard
Liepard,Dreamyard
Wigglytuff,Dreamyard
Audino,Dreamyard
Golbat,Dreamyard
Dunsparce,Dreamyard
Crobat,Dreamyard
Pansage,Dreamyard
Musharna,Dreamyard
Jigglypuff,Dreamyard
Raticate,Dreamyard
Latios,Dreamyard
Watchog,Dreamyard
Ariados,Dreamyard
Latias,Dreamyard
Patrat,Dreamyard
Kricketune,Dreamyard
Venomoth,Dreamyard
Munna,Dreamyard
Purrloin,Dreamyard
Hypno,Dreamyard
Ledian,Dreamyard
Pansear,Dreamyard
Pineco,Eterna Forest
Wurmple,Eterna Forest
Seedot,Eterna Forest
Weedle,Eterna Forest
Bidoof,Eterna Forest
Slakoth,Eterna Forest
Beautifly,Eterna Forest
Kricketot,Eterna Forest
Cascoon,Eterna Forest
Budew,Eterna Forest
Nincada,Eterna Forest
Hoothoot,Eterna Forest
Caterpie,Eterna Forest
Murkrow,Eterna Forest
Metapod,Eterna Forest
Misdreavus,Eterna Forest
Kakuna,Eterna Forest
Gastly,Eterna Forest
Dustox,Eterna Forest
Buneary,Eterna Forest
Silcoon,Eterna Forest
Zekrom,Fabled Cave
Reshiram,Fabled Cave
Mew,Faraway Island
Numel,Fiery Path
Slugma,Fiery Path
Koffing,Fiery Path
Torkoal,Fiery Path
Grimer,Fiery Path
Diglett,Fiery Path
Machop,Fiery Path
Tyrogue,Fiery Path
Roggenrola,Fiery Path
Lillipup,Floccesy Ranch
Politoed,Floccesy Ranch
Mareep,Floccesy Ranch
Pidove,Floccesy Ranch
Riolu,Floccesy Ranch
Marill,Floccesy Ranch
Azumarill,Floccesy Ranch
Azurill,Floccesy Ranch
Patrat,Floccesy Ranch
Poliwag,Floccesy Ranch
Psyduck,Floccesy Ranch
Audino,Floccesy Ranch
Basculin-red-striped,Floccesy Ranch
Herdier,Floccesy Ranch
Poliwhirl,Floccesy Ranch
Dunsparce,Floccesy Ranch
Shaymin,Flower Paradise
Riolu,Friend Safari
Ponyta,Friend Safari
Chansey,Friend Safari
Magmar,Friend Safari
Ninetales,Friend Safari
Audino,Friend Safari
Mankey,Friend Safari
Machoke,Friend Safari
Dunsparce,Friend Safari
Aipom,Friend Safari
Braixen,Friend Safari
Throh,Friend Safari
Smeargle,Friend Safari
Pyroar,Friend Safari
Lillipup,Friend Safari
Ditto,Friend Safari
Breloom,Friend Safari
Hariyama,Friend Safari
Minccino,Friend Safari
Loudred,Friend Safari
Charmeleon,Friend Safari
Fletchinder,Friend Safari
Growlithe,Friend Safari
Slugma,Friend Safari
Tyrogue,Friend Safari
Larvesta,Friend Safari
Meditite,Friend Safari
Teddiursa,Friend Safari
Mienfoo,Friend Safari
Sawk,Friend Safari
Pancham,Friend Safari
Eevee,Friend Safari
Pansear,Friend Safari
Kecleon,Friend Safari
Beartic,Frost Cavern
Jynx,Frost Cavern
Vanillite,Frost Cavern
Floatzel,Frost Cavern
Piloswine,Frost Cavern
Cubchoo,Frost Cavern
Poliwag,Frost Cavern
Cryogonal,Frost Cavern
Basculin-red-striped,Frost Cavern
Poliwhirl,Frost Cavern
Haunter,Frost Cavern
Smoochum,Frost Cavern
Bergmite,Frost Cavern
Mawile,Glittering Cave
Kangaskhan,Glittering Cave
Lunatone,Glittering Cave
Woobat,Glittering Cave
Machop,Glittering Cave
Rhyhorn,Glittering Cave
Onix,Glittering Cave
Ferroseed,Glittering Cave
Solrock,Glittering Cave
Cubone,Glittering Cave
Dwebble,Glittering Cave
Kyurem,Gnarled Den
Mawile,Granite Cave
Makuhita,Granite Cave
Aron,Granite Cave
Zubat,Granite Cave
Geodude,Granite Cave
Abra,Granite Cave
Sableye,Granite Cave
Starly,Great Marsh
Whiscash,Great Marsh
Hoothoot,Great Marsh
Tropius,Great Marsh
Arbok,Great Marsh
Marill,Great Marsh
Bibarel,Great Marsh
Quagsire,Great Marsh
Gyarados,Great Marsh
Barboach,Great Marsh
Noctowl,Great Marsh
Azurill,Great Marsh
Bidoof,Great Marsh
Psyduck,Great Marsh
Carvanha,Great Marsh
Tangela,Great Marsh
Budew,Great Marsh
Yanma,Great Marsh
Wooper,Great Marsh
Magikarp,Great Marsh
Arceus,Hall of Origin
Sneasel,Ice Path
Swinub,Ice Path
Makuhita,Ice Path
Chingling,Ice Path
Jynx,Ice Path
Absol,Ice Path
Zubat,Ice Path
Bronzor,Ice Path
Delibird,Ice Path
Golbat,Ice Path
Swinub,Icefall Cave
Lapras,Icefall Cave
Shellder,Icefall Cave
Kingler,Icefall Cave
Tentacool,Icefall Cave
Golbat,Icefall Cave
Seadra,Icefall Cave
Wooper,Icefall Cave
Dewgong,Icefall Cave
Goldeen,Icefall Cave
Delibird,Icefall Cave
Seel,Icefall Cave
Poliwhirl,Icefall Cave
Marill,Icefall Cave
Zubat,Icefall Cave
Psyduck,Icefall Cave
Staryu,Icefall Cave
Sneasel,Icefall Cave
Slowpoke,Icefall Cave
Krabby,Icefall Cave
Gyarados,Icefall Cave
Tentacruel,Icefall Cave
Poliwag,Icefall Cave
Horsea,Icefall Cave
Magikarp,Icefall Cave
Mawile,Iron Island
Wingull,Iron Island
Steelix,Iron Island
Riolu,Iron Island
Golbat,Iron Island
Lumineon,Iron Island
Gyarados,Iron Island
Tentacruel,Iron Island
Qwilfish,Iron Island
Zubat,Iron Island
Geodude,Iron Island
Onix,Iron Island
Graveler,Iron Island
Finneon,Iron Island
Tentacool,Iron Island
Sableye,Iron Island
Pelipper,Iron Island
Magikarp,Iron Island
Regice,Island Cave
Regigigas,Island Cave
Spoink,Jagged Pass
Numel,Jagged Pass
Ponyta,Jagged Pass
Tyrogue,Jagged Pass
Machop,Jagged Pass
Mankey,Jagged Pass
Sneasel,Lake Acuity
Snover,Lake Acuity
Seaking,Lake Acuity
Lunatone,Lake Acuity
Chingling,Lake Acuity
Bibarel,Lake Acuity
Noctowl,Lake Acuity
Gyarados,Lake Acuity
Goldeen,Lake Acuity
Psyduck,Lake Acuity
Wobbuffet,Lake Acuity
Snorunt,Lake Acuity
Teddiursa,Lake Acuity
Ursaring,Lake Acuity
Uxie,Lake Acuity
Solrock,Lake Acuity
Golduck,Lake Acuity
Smoochum,Lake Acuity
Magikarp,Lake Acuity
Pineco,Lake of Rage
Hoothoot,Lake of Rage
Caterpie,Lake of Rage
Beedrill,Lake of Rage
Gyarados,Lake of Rage
Butterfree,Lake of Rage
Weedle,Lake of Rage
Metapod,Lake of Rage
Venonat,Lake of Rage
Exeggcute,Lake of Rage
Kakuna,Lake of Rage
Magikarp,Lake of Rage
Seaking,Lake Valor
Lunatone,Lake Valor
Chingling,Lake Valor
Bibarel,Lake Valor
Noctowl,Lake Valor
Gyarados,Lake Valor
Staravia,Lake Valor
Goldeen,Lake Valor
Psyduck,Lake Valor
Wobbuffet,Lake Valor
Azelf,Lake Valor
Solrock,Lake Valor
Lickitung,Lake Valor
Golduck,Lake Valor
Magikarp,Lake Valor
Starly,Lake Verity
Piplup,Lake Verity
Seaking,Lake Verity
Lunatone,Lake Verity
Turtwig,Lake Verity
Bibarel,Lake Verity
Gyarados,Lake Verity
Goldeen,Lake Verity
Bidoof,Lake Verity
Chimchar,Lake Verity
Psyduck,Lake Verity
Wobbuffet,Lake Verity
Staravia,Lake Verity
Solrock,Lake Verity
Surskit,Lake Verity
Golduck,Lake Verity
Magikarp,Lake Verity
Gastly,Lost Cave
Murkrow,Lost Cave
Zubat,Lost Cave
Golbat,Lost Cave
Haunter,Lost Cave
Misdreavus,Lost Cave
Magneton,Lost Hotel
Garbodor,Lost Hotel
Pawniard,Lost Hotel
Trubbish,Lost Hotel
Electrode,Lost Hotel
Klefki,Lost Hotel
Rotom,Lost Hotel
Litwick,Lost Hotel
Kyogre,Marine Cave
Lunatone,Meteor Falls
Bagon,Meteor Falls
Golbat,Meteor Falls
Zubat,Meteor Falls
Barboach,Meteor Falls
Goldeen,Meteor Falls
Solrock,Meteor Falls
Whiscash,Meteor Falls
Magikarp,Meteor Falls
Slowpoke,Mirage Caves
Unown,Mirage Caves
Slakoth,Mirage Caves
Linoone,Mirage Caves
Tynamo,Mirage Caves
Sunkern,Mirage Forests
Happiny,Mirage Forests
Forretress,Mirage Forests
Slakoth,Mirage Forests
Graveler,Mirage Forests
Audino,Mirage Forests
Nincada,Mirage Forests
Wynaut,Mirage Island (Generation III)
Tropius,Mirage Islands
Venomoth,Mirage Islands
Zebstrika,Mirage Islands
Darmanitan-standard,Mirage Islands
Tangela,Mirage Islands
Xatu,Mirage Islands
Pelipper,Mirage Islands
Kricketune,Mirage Mountains
Crustle,Mirage Mountains
Happiny,Mirage Mountains
Forretress,Mirage Mountains
Donphan,Mirage Mountains
Stantler,Mirage Mountains
Tangela,Mirage Mountains
Audino,Mirage Mountains
Graveler,Mirage Mountains
Rufflet,Mirage Mountains
Sandshrew,Mirage Tower
Trapinch,Mirage Tower
Kecleon,Mossdeep Space Center
Cleffa,Mt. Coronet
Lunatone,Mt. Coronet
Clefairy,Mt. Coronet
Solrock,Mt. Coronet
Chingling,Mt. Coronet
Nosepass,Mt. Coronet
Zubat,Mt. Coronet
Machop,Mt. Coronet
Geodude,Mt. Coronet
Bronzor,Mt. Coronet
Meditite,Mt. Coronet
Barboach,Mt. Coronet
Gyarados,Mt. Coronet
Medicham,Mt. Coronet
Bronzong,Mt. Coronet
Graveler,Mt. Coronet
Machoke,Mt. Coronet
Golbat,Mt. Coronet
Whiscash,Mt. Coronet
Magikarp,Mt. Coronet
Fearow,Mt. Ember
Ponyta,Mt. Ember
Magmar,Mt. Ember
Machop,Mt. Ember
Geodude,Mt. Ember
Spearow,Mt. Ember
Graveler,Mt. Ember
Machoke,Mt. Ember
Rapidash,Mt. Ember
Clefairy,Mt. Moon
Zubat,Mt. Moon
Geodude,Mt. Moon
Paras,Mt. Moon
Sandshrew,Mt. Moon
Magikarp,Mt. Moon Square
Poliwag,Mt. Moon Square
Raticate,Mt. Mortar
Rattata,Mt. Mortar
Seaking,Mt. Mortar
Marill,Mt. Mortar
Zubat,Mt. Mortar
Machop,Mt. Mortar
Geodude,Mt. Mortar
Goldeen,Mt. Mortar
Graveler,Mt. Mortar
Machoke,Mt. Mortar
Golbat,Mt. Mortar
Magikarp,Mt. Mortar
Duskull,Mt. Pyre
Chimecho,Mt. Pyre
Wingull,Mt. Pyre
Vulpix,Mt. Pyre
Meditite,Mt. Pyre
Shuppet,Mt. Pyre
Seaking,Mt. Silver
Arbok,Mt. Silver
Ponyta,Mt. Silver
Magmar,Mt. Silver
Donphan,Mt. Silver
Tangela,Mt. Silver
Machoke,Mt. Silver
Golbat,Mt. Silver
Golduck,Mt. Silver
Dodrio,Mt. Silver
Larvitar,Mt. Silver
Quagsire,Mt. Silver
Goldeen,Mt. Silver
Ursaring,Mt. Silver
Doduo,Mt. Silver
Poliwhirl,Mt. Silver
Graveler,Mt. Silver
Misdreavus,Mt. Silver
Rapidash,Mt. Silver
Sneasel,Mt. Silver
Parasect,Mt. Silver
Poliwag,Mt. Silver
Onix,Mt. Silver
Magikarp,Mt. Silver
Mesprit,Nameless Cavern
Azelf,Nameless Cavern
Uxie,Nameless Cavern
Pineco,National Park
Beedrill,National Park
Pidgey,National Park
Weedle,National Park
Pinsir,National Park
Nidoran-f,National Park
Ledyba,National Park
Hoothoot,National Park
Caterpie,National Park
Butterfree,National Park
Psyduck,National Park
Paras,National Park
Shinx,National Park
Metapod,National Park
Minun,National Park
Cherubi,National Park
Exeggcute,National Park
Spinarak,National Park
Plusle,National Park
Kakuna,National Park
Sunkern,National Park
Scyther,National Park
Krabby,National Park
Nidoran-m,National Park
Venonat,National Park
Ho-Oh,Navel Rock
Lugia,Navel Rock
Electrode,New Mauville
Magnemite,New Mauville
Magneton,New Mauville
Voltorb,New Mauville
Darkrai,Newmoon Island
Gengar,Old Chateau
Haunter,Old Chateau
Gastly,Old Chateau
Rotom,Old Chateau
Zubat,Oreburgh Gate
Barboach,Oreburgh Gate
Geodude,Oreburgh Gate
Gyarados,Oreburgh Gate
Psyduck,Oreburgh Gate
Golbat,Oreburgh Gate
Golduck,Oreburgh Gate
Whiscash,Oreburgh Gate
Magikarp,Oreburgh Gate
Onix,Oreburgh Mine
Zubat,Oreburgh Mine
Geodude,Oreburgh Mine
Aerodactyl,Oreburgh Mining Museum
Kabuto,Oreburgh Mining Museum
Cranidos,Oreburgh Mining Museum
Anorith,Oreburgh Mining Museum
Shieldon,Oreburgh Mining Museum
Lileep,Oreburgh Mining Museum
Omanyte,Oreburgh Mining Museum
Klinklang,P2 Laboratory
Stoutland,P2 Laboratory
Scraggy,P2 Laboratory
Audino,P2 Laboratory
Seadra,P2 Laboratory
Jellicent,P2 Laboratory
Scrafty,P2 Laboratory
Kingdra,P2 Laboratory
Alomomola,P2 Laboratory
Herdier,P2 Laboratory
Magnezone,P2 Laboratory
Frillish,P2 Laboratory
Finneon,P2 Laboratory
Watchog,P2 Laboratory
Magneton,P2 Laboratory
Klang,P2 Laboratory
Weezing,P2 Laboratory
Lumineon,P2 Laboratory
Qwilfish,P2 Laboratory
Klink,P2 Laboratory
Horsea,P2 Laboratory
Seaking,Parfum Palace
Gyarados,Parfum Palace
Goldeen,Parfum Palace
Corphish,Parfum Palace
Crawdaunt,Parfum Palace
Magikarp,Parfum Palace
Virizion,Pathless Plain
Cobalion,Pathless Plain
Terrakion,Pathless Plain
Ledyba,Pattern Bush
Caterpie,Pattern Bush
Heracross,Pattern Bush
Weedle,Pattern Bush
Metapod,Pattern Bush
Spinarak,Pattern Bush
Kakuna,Pattern Bush
Poochyena,Petalburg Woods
Shroomish,Petalburg Woods
Wurmple,Petalburg Woods
Slakoth,Petalburg Woods
Paras,Petalburg Woods
Phantump,Petalburg Woods
Cottonee,Petalburg Woods
Silcoon,Petalburg Woods
Zigzagoon,Petalburg Woods
Taillow,Petalburg Woods
Cascoon,Petalburg Woods
Aerodactyl,Pewter Museum of Science
Kabuto,Pewter Museum of Science
Cranidos,Pewter Museum of Science
Anorith,Pewter Museum of Science
Shieldon,Pewter Museum of Science
Lileep,Pewter Museum of Science
Omanyte,Pewter Museum of Science
Raticate,Pokemon Mansion (Kanto)
Rattata,Pokemon Mansion (Kanto)
Growlithe,Pokemon Mansion (Kanto)
Koffing,Pokemon Mansion (Kanto)
Weezing,Pokemon Mansion (Kanto)
Ponyta,Pokemon Mansion (Kanto)
Muk,Pokemon Mansion (Kanto)
Grimer,Pokemon Mansion (Kanto)
Magmar,Pokemon Mansion (Kanto)
Ditto,Pokemon Mansion (Kanto)
Vulpix,Pokemon Mansion (Kanto)
Haunter,Pokemon Tower
Gastly,Pokemon Tower
Cubone,Pokemon Tower
Ghost Marowak,Pokemon Tower
Lombre,Pokemon Village
Foongus,Pokemon Village
Garbodor,Pokemon Village
Gothorita,Pokemon Village
Zoroark,Pokemon Village
Noctowl,Pokemon Village
Ditto,Pokemon Village
Poliwag,Pokemon Village
Amoonguss,Pokemon Village
Banette,Pokemon Village
Basculin-red-striped,Pokemon Village
Poliwhirl,Pokemon Village
Jigglypuff,Pokemon Village
Zapdos,Kanto Power Plant
Magneton,Kanto Power Plant
Pikachu,Kanto Power Plant
Muk,Kanto Power Plant
Grimer,Kanto Power Plant
Electabuzz,Kanto Power Plant
Raichu,Kanto Power Plant
Electrode,Kanto Power Plant
Magnemite,Kanto Power Plant
Voltorb,Kanto Power Plant
Haunter,Lavender Radio Tower
Gastly,Lavender Radio Tower
Cubone,Lavender Radio Tower
Ghost Marowak,Lavender Radio Tower
Zubat,Ravaged Path
Barboach,Ravaged Path
Geodude,Ravaged Path
Gyarados,Ravaged Path
Psyduck,Ravaged Path
Golbat,Ravaged Path
Golduck,Ravaged Path
Whiscash,Ravaged Path
Magikarp,Ravaged Path
Woobat,Reflection Cave
Mr. Mime,Reflection Cave
Mime Jr.,Reflection Cave
Chingling,Reflection Cave
Solosis,Reflection Cave
Roggenrola,Reflection Cave
Wobbuffet,Reflection Cave
Carbink,Reflection Cave
Ferroseed,Reflection Cave
Sableye,Reflection Cave
Krokorok,Relic Castle
Volcarona,Relic Castle
Baltoy,Relic Castle
Onix,Relic Castle
Claydol,Relic Castle
Sandslash,Relic Castle
Cofagrigus,Relic Castle
Yamask,Relic Castle
Sandile,Relic Castle
Sandshrew,Relic Castle
Zubat,Rock Tunnel
Machop,Rock Tunnel
Onix,Rock Tunnel
Geodude,Rock Tunnel
Marowak,Rock Tunnel
Machoke,Rock Tunnel
Haunter,Rock Tunnel
Cubone,Rock Tunnel
Natu,Ruins of Alph
Quagsire,Ruins of Alph
Poliwag,Ruins of Alph
Unown,Ruins of Alph
Smeargle,Ruins of Alph
Poliwhirl,Ruins of Alph
Wooper,Ruins of Alph
Magikarp,Ruins of Alph
Whismur,Rusturf Tunnel
Geodude,Rusturf Tunnel
Oddish,Hoenn Safari Zone
Girafarig,Hoenn Safari Zone
Seaking,Hoenn Safari Zone
Gloom,Hoenn Safari Zone
Natu,Hoenn Safari Zone
Pikachu,Hoenn Safari Zone
Goldeen,Hoenn Safari Zone
Psyduck,Hoenn Safari Zone
Wobbuffet,Hoenn Safari Zone
Doduo,Hoenn Safari Zone
Magikarp,Hoenn Safari Zone
Dragonair,Kanto Safari Zone
Kangaskhan,Kanto Safari Zone
Chansey,Kanto Safari Zone
Nidorina,Kanto Safari Zone
Marowak,Kanto Safari Zone
Tangela,Kanto Safari Zone
Pinsir,Kanto Safari Zone
Nidoran♀,Kanto Safari Zone
Goldeen,Kanto Safari Zone
Doduo,Kanto Safari Zone
Tauros,Kanto Safari Zone
Psyduck,Kanto Safari Zone
Paras,Kanto Safari Zone
Exeggcute,Kanto Safari Zone
Cubone,Kanto Safari Zone
Nidorino,Kanto Safari Zone
Slowpoke,Kanto Safari Zone
Parasect,Kanto Safari Zone
Scyther,Kanto Safari Zone
Krabby,Kanto Safari Zone
Venomoth,Kanto Safari Zone
Nidoran♂,Kanto Safari Zone
Dratini,Kanto Safari Zone
Rhyhorn,Kanto Safari Zone
Poliwag,Kanto Safari Zone
Venonat,Kanto Safari Zone
Magikarp,Kanto Safari Zone
Scatterbug,Santalune Forest
Caterpie,Santalune Forest
Pansage,Santalune Forest
Fletchling,Santalune Forest
Pikachu,Santalune Forest
Panpour,Santalune Forest
Weedle,Santalune Forest
Metapod,Santalune Forest
Pansear,Santalune Forest
Kakuna,Santalune Forest
Zubat,Scorched Slab
Barboach,Scorched Slab
Goldeen,Scorched Slab
Golbat,Scorched Slab
Magikarp,Scorched Slab
Spiritomb,Sea Mauville
Wingull,Sea Mauville
Lugia,Sea Mauville
Wailmer,Sea Mauville
Tentacool,Sea Mauville
Pelipper,Sea Mauville
Ho-Oh,Sea Mauville
Magikarp,Sea Mauville
Moltres,Sea Spirit's Den
Zapdos,Sea Spirit's Den
Articuno,Sea Spirit's Den
Zubat,Seafloor Cavern
Tentacruel,Seafloor Cavern
Graveler,Seafloor Cavern
Tentacool,Seafloor Cavern
Wailmer,Seafloor Cavern
Golbat,Seafloor Cavern
Magikarp,Seafloor Cavern
Staryu,Seafoam Islands
Slowpoke,Seafoam Islands
Krabby,Seafoam Islands
Slowbro,Seafoam Islands
Dewgong,Seafoam Islands
Zubat,Seafoam Islands
Psyduck,Seafoam Islands
Horsea,Seafoam Islands
Shellder,Seafoam Islands
Seel,Seafoam Islands
Kingler,Seafoam Islands
Golbat,Seafoam Islands
Seadra,Seafoam Islands
Golduck,Seafoam Islands
Zubat,Sealed Chamber
Horsea,Sealed Chamber
Tentacool,Sealed Chamber
Wailmer,Sealed Chamber
Golbat,Sealed Chamber
Magikarp,Sealed Chamber
Chimecho,Sendoff Spring
Seaking,Sendoff Spring
Lunatone,Sendoff Spring
Solrock,Sendoff Spring
Chingling,Sendoff Spring
Bibarel,Sendoff Spring
Noctowl,Sendoff Spring
Gyarados,Sendoff Spring
Staravia,Sendoff Spring
Goldeen,Sendoff Spring
Graveler,Sendoff Spring
Dusclops,Sendoff Spring
Golbat,Sendoff Spring
Golduck,Sendoff Spring
Magikarp,Sendoff Spring
Dewgong,Shoal Cave
Zubat,Shoal Cave
Spheal,Shoal Cave
Cubchoo,Shoal Cave
Tentacruel,Shoal Cave
Delibird,Shoal Cave
Snorunt,Shoal Cave
Sealeo,Shoal Cave
Tentacool,Shoal Cave
Wailmer,Shoal Cave
Golbat,Shoal Cave
Magikarp,Shoal Cave
Treecko,Silph Co.
Lapras,Silph Co.
Mudkip,Silph Co.
Beldum,Silph Co.
Torchic,Silph Co.
Swablu,Sky Pillar
Mawile,Sky Pillar
Rayquaza,Sky Pillar
Ariados,Sky Pillar
Deoxys-normal,Sky Pillar
Claydol,Sky Pillar
Banette,Sky Pillar
Altaria,Sky Pillar
Dusclops,Sky Pillar
Golbat,Sky Pillar
Sableye,Sky Pillar
Slowpoke,Slowpoke Well
Seaking,Slowpoke Well
Makuhita,Slowpoke Well
Chingling,Slowpoke Well
Slowbro,Slowpoke Well
Absol,Slowpoke Well
Zubat,Slowpoke Well
Bronzor,Slowpoke Well
Goldeen,Slowpoke Well
Golbat,Slowpoke Well
Magikarp,Slowpoke Well
Latias,Southern Island
Latios,Southern Island
Dialga,Spear Pillar
Palkia,Spear Pillar
Spinda,Sprout Tower
Rattata,Sprout Tower
Chatot,Sprout Tower
Gastly,Sprout Tower
Meditite,Sprout Tower
Zigzagoon,Sprout Tower
Fearow,Stark Mountain
Rhydon,Stark Mountain
Skarmory,Stark Mountain
Numel,Stark Mountain
Weezing,Stark Mountain
Camerupt,Stark Mountain
Gligar,Stark Mountain
Torkoal,Stark Mountain
Slugma,Stark Mountain
Magcargo,Stark Mountain
Koffing,Stark Mountain
Rhyhorn,Stark Mountain
Geodude,Stark Mountain
Onix,Stark Mountain
Banette,Stark Mountain
Graveler,Stark Mountain
Magby,Stark Mountain
Machoke,Stark Mountain
Golbat,Stark Mountain
Unown,Tanoby Chambers
Staryu,Team Aqua Hideout
Electrode,Team Aqua Hideout
Wailmer,Team Aqua Hideout
Tentacool,Team Aqua Hideout
Magikarp,Team Aqua Hideout
Xerneas,Team Flare Secret HQ
Yveltal,Team Flare Secret HQ
Staryu,Team Magma Hideout
Torkoal,Team Magma Hideout
Geodude,Team Magma Hideout
Electrode,Team Magma Hideout
Graveler,Team Magma Hideout
Wailmer,Team Magma Hideout
Tentacool,Team Magma Hideout
Magikarp,Team Magma Hideout
Electrode,Team Rocket HQ
Koffing,Team Rocket HQ
Voltorb,Team Rocket HQ
Geodude,Team Rocket HQ
Larvitar,Terminus Cave
Aron,Terminus Cave
Ariados,Terminus Cave
Lairon,Terminus Cave
Geodude,Terminus Cave
Shuckle,Terminus Cave
Noibat,Terminus Cave
Zygarde,Terminus Cave
Graveler,Terminus Cave
Sandslash,Terminus Cave
Pupitar,Terminus Cave
Durant,Terminus Cave
Groudon,Terra Cave
Raticate,Tohjo Falls
Slowpoke,Tohjo Falls
Rattata,Tohjo Falls
Seaking,Tohjo Falls
Makuhita,Tohjo Falls
Chingling,Tohjo Falls
Absol,Tohjo Falls
Zubat,Tohjo Falls
Bronzor,Tohjo Falls
Goldeen,Tohjo Falls
Golbat,Tohjo Falls
Magikarp,Tohjo Falls
Lucario,Tower of Mastery
Entei,Trackless Forest
Suicune,Trackless Forest
Raikou,Trackless Forest
Cleffa,Trophy Garden
Pichu,Trophy Garden
Chansey,Trophy Garden
Igglybuff,Trophy Garden
Clefairy,Trophy Garden
Staravia,Trophy Garden
Jigglypuff,Trophy Garden
Porygon,Trophy Garden
Marill,Trophy Garden
Happiny,Trophy Garden
Azurill,Trophy Garden
Ditto,Trophy Garden
Minun,Trophy Garden
Castform,Trophy Garden
Meowth,Trophy Garden
Plusle,Trophy Garden
Bonsly,Trophy Garden
Kricketune,Trophy Garden
Roselia,Trophy Garden
Mime Jr.,Trophy Garden
Pikachu,Trophy Garden
Eevee,Trophy Garden
Duskull,Turnback Cave
Lunatone,Turnback Cave
Solrock,Turnback Cave
Chingling,Turnback Cave
Gastly,Turnback Cave
Bronzor,Turnback Cave
Bronzong,Turnback Cave
Dusclops,Turnback Cave
Golbat,Turnback Cave
Haunter,Turnback Cave
Pachirisu,Valley Windworks
Shellos,Valley Windworks
Electrike,Valley Windworks
Wingull,Valley Windworks
Mareep,Valley Windworks
Lumineon,Valley Windworks
Gyarados,Valley Windworks
Tentacruel,Valley Windworks
Bidoof,Valley Windworks
Gastrodon,Valley Windworks
Shinx,Valley Windworks
Drifloon,Valley Windworks
Shellder,Valley Windworks
Buizel,Valley Windworks
Elekid,Valley Windworks
Finneon,Valley Windworks
Tentacool,Valley Windworks
Pelipper,Valley Windworks
Magikarp,Valley Windworks
Mawile,Victory Road (Hoenn)
Makuhita,Victory Road (Hoenn)
Aron,Victory Road (Hoenn)
Zubat,Victory Road (Hoenn)
Lairon,Victory Road (Hoenn)
Medicham,Victory Road (Hoenn)
Geodude,Victory Road (Hoenn)
Meditite,Victory Road (Hoenn)
Goldeen,Victory Road (Hoenn)
Barboach,Victory Road (Hoenn)
Hariyama,Victory Road (Hoenn)
Graveler,Victory Road (Hoenn)
Loudred,Victory Road (Hoenn)
Golbat,Victory Road (Hoenn)
Sableye,Victory Road (Hoenn)
Whismur,Victory Road (Hoenn)
Whiscash,Victory Road (Hoenn)
Magikarp,Victory Road (Hoenn)
Fearow,Victory Road (Kalos)
Skarmory,Victory Road (Kalos)
Lombre,Victory Road (Kalos)
Poliwhirl,Victory Road (Kalos)
Ariados,Victory Road (Kalos)
Zweilous,Victory Road (Kalos)
Poliwrath,Victory Road (Kalos)
Floatzel,Victory Road (Kalos)
Druddigon,Victory Road (Kalos)
Geodude,Victory Road (Kalos)
Shuckle,Victory Road (Kalos)
Noibat,Victory Road (Kalos)
Poliwag,Victory Road (Kalos)
Graveler,Victory Road (Kalos)
Hydreigon,Victory Road (Kalos)
Basculin-red-striped,Victory Road (Kalos)
Gurdurr,Victory Road (Kalos)
Haunter,Victory Road (Kalos)
Lickitung,Victory Road (Kalos)
Moltres,Victory Road (Kanto)
Venomoth,Victory Road (Kanto)
Zubat,Victory Road (Kanto)
Machop,Victory Road (Kanto)
Geodude,Victory Road (Kanto)
Onix,Victory Road (Kanto)
Marowak,Victory Road (Kanto)
Graveler,Victory Road (Kanto)
Machoke,Victory Road (Kanto)
Golbat,Victory Road (Kanto)
Rhydon,Victory Road (Sinnoh)
Steelix,Victory Road (Sinnoh)
Magneton,Victory Road (Sinnoh)
Azumarill,Victory Road (Sinnoh)
Floatzel,Victory Road (Sinnoh)
Gyarados,Victory Road (Sinnoh)
Medicham,Victory Road (Sinnoh)
Rhyhorn,Victory Road (Sinnoh)
Onix,Victory Road (Sinnoh)
Kadabra,Victory Road (Sinnoh)
Graveler,Victory Road (Sinnoh)
Machoke,Victory Road (Sinnoh)
Remoraid,Victory Road (Sinnoh)
Golbat,Victory Road (Sinnoh)
Gabite,Victory Road (Sinnoh)
Magikarp,Victory Road (Sinnoh)
Frillish,Virbank Complex
Jellicent,Virbank Complex
Growlithe,Virbank Complex
Koffing,Virbank Complex
Pidove,Virbank Complex
Krabby,Virbank Complex
Lumineon,Virbank Complex
Patrat,Virbank Complex
Qwilfish,Virbank Complex
Alomomola,Virbank Complex
Elekid,Virbank Complex
Audino,Virbank Complex
Magby,Virbank Complex
Kingler,Virbank Complex
Magnemite,Virbank Complex
Finneon,Virbank Complex
Numel,Viridian Forest
Beedrill,Viridian Forest
Seedot,Viridian Forest
Pidgey,Viridian Forest
Weedle,Viridian Forest
Ledyba,Viridian Forest
Carnivine,Viridian Forest
Kricketot,Viridian Forest
Pidgeotto,Viridian Forest
Budew,Viridian Forest
Hoothoot,Viridian Forest
Shroomish,Viridian Forest
Caterpie,Viridian Forest
Spoink,Viridian Forest
Ariados,Viridian Forest
Noctowl,Viridian Forest
Butterfree,Viridian Forest
Metapod,Viridian Forest
Spinarak,Viridian Forest
Kakuna,Viridian Forest
Pikachu,Viridian Forest
Ledian,Viridian Forest
Bronzor,Wayward Cave
Zubat,Wayward Cave
Onix,Wayward Cave
Geodude,Wayward Cave
Sandshrew,Wayward Cave
Gible,Wayward Cave
Castform,Weather Institute
Poliwrath,Wellspring Cave
Boldore,Wellspring Cave
Woobat,Wellspring Cave
Excadrill,Wellspring Cave
Poliwag,Wellspring Cave
Roggenrola,Wellspring Cave
Drilbur,Wellspring Cave
Basculin-red-striped,Wellspring Cave
Poliwhirl,Wellspring Cave
Krabby,Whirl Islands
Zubat,Whirl Islands
Tentacruel,Whirl Islands
Horsea,Whirl Islands
Seel,Whirl Islands
Kingler,Whirl Islands
Tentacool,Whirl Islands
Golbat,Whirl Islands
Seadra,Whirl Islands
Magikarp,Whirl Islands
Pidgey,Kanto Route 1
Sentret,Kanto Route 1
Raticate,Kanto Route 1
Furret,Kanto Route 1
Pikachu,Kanto Route 1
Hoothoot,Kanto Route 1
Rattata,Kanto Route 1
Pidgeotto,Kanto Route 2
Pidgey,Kanto Route 2
Mr. Mime,Kanto Route 2
Nidoran♀,Kanto Route 2
Ledyba,Kanto Route 2
Spinarak,Kanto Route 2
Metapod,Kanto Route 2
Ledian,Kanto Route 2
Beedrill,Kanto Route 2
Noctowl,Kanto Route 2
Nidoran♂,Kanto Route 2
Butterfree,Kanto Route 2
Kakuna,Kanto Route 2
Ariados,Kanto Route 2
Weedle,Kanto Route 2
Caterpie,Kanto Route 2
Pikachu,Kanto Route 2
Hoothoot,Kanto Route 2
Rattata,Kanto Route 2
Pidgey,Kanto Route 3
Ekans,Kanto Route 3
Nidoran♀,Kanto Route 3
Clefairy,Kanto Route 3
Arbok,Kanto Route 3
Jigglypuff,Kanto Route 3
Mankey,Kanto Route 3
Nidoran♂,Kanto Route 3
Sandshrew,Kanto Route 3
Zubat,Kanto Route 3
Raticate,Kanto Route 3
Spearow,Kanto Route 3
Rattata,Kanto Route 3
Psyduck,Kanto Route 4
Gyarados,Kanto Route 4
Horsea,Kanto Route 4
Ekans,Kanto Route 4
Slowpoke,Kanto Route 4
Krabby,Kanto Route 4
Magikarp,Kanto Route 4
Clefairy,Kanto Route 4
Arbok,Kanto Route 4
Goldeen,Kanto Route 4
Poliwag,Kanto Route 4
Tentacool,Kanto Route 4
Mankey,Kanto Route 4
Jigglypuff,Kanto Route 4
Sandshrew,Kanto Route 4
Zubat,Kanto Route 4
Raticate,Kanto Route 4
Spearow,Kanto Route 4
Seaking,Kanto Route 4
Rattata,Kanto Route 4
Bellsprout,Kanto Route 5
Pidgeotto,Kanto Route 5
Pidgey,Kanto Route 5
Oddish,Kanto Route 5
Snubbull,Kanto Route 5
Jigglypuff,Kanto Route 5
Mankey,Kanto Route 5
Noctowl,Kanto Route 5
Meowth,Kanto Route 5
Gloom,Kanto Route 5
Abra,Kanto Route 5
Hoothoot,Kanto Route 5
Rattata,Kanto Route 5
Psyduck,Kanto Route 6
Bellsprout,Kanto Route 6
Slowpoke,Kanto Route 6
Snubbull,Kanto Route 6
Goldeen,Kanto Route 6
Granbull,Kanto Route 6
Poliwhirl,Kanto Route 6
Jigglypuff,Kanto Route 6
Mankey,Kanto Route 6
Magnemite,Kanto Route 6
Raticate,Kanto Route 6
Gyarados,Kanto Route 6
Pidgey,Kanto Route 6
Krabby,Kanto Route 6
Oddish,Kanto Route 6
Golduck,Kanto Route 6
Poliwag,Kanto Route 6
Pidgeotto,Kanto Route 6
Shellder,Kanto Route 6
Magikarp,Kanto Route 6
Drowzee,Kanto Route 6
Meowth,Kanto Route 6
Abra,Kanto Route 6
Rattata,Kanto Route 6
Bellsprout,Kanto Route 7
Pidgeotto,Kanto Route 7
Pidgey,Kanto Route 7
Murkrow,Kanto Route 7
Oddish,Kanto Route 7
Snubbull,Kanto Route 7
Houndour,Kanto Route 7
Persian,Kanto Route 7
Jigglypuff,Kanto Route 7
Mankey,Kanto Route 7
Meowth,Kanto Route 7
Raticate,Kanto Route 7
Spearow,Kanto Route 7
Abra,Kanto Route 7
Growlithe,Kanto Route 7
Vulpix,Kanto Route 7
Rattata,Kanto Route 7
Pidgeotto,Kanto Route 8
Ekans,Kanto Route 8
Pidgey,Kanto Route 8
Snubbull,Kanto Route 8
Kadabra,Kanto Route 8
Jigglypuff,Kanto Route 8
Mankey,Kanto Route 8
Noctowl,Kanto Route 8
Haunter,Kanto Route 8
Sandshrew,Kanto Route 8
Meowth,Kanto Route 8
Abra,Kanto Route 8
Growlithe,Kanto Route 8
Vulpix,Kanto Route 8
Rattata,Kanto Route 8
Venonat,Kanto Route 9
Nidorina,Kanto Route 9
Rattata,Kanto Route 9
Ekans,Kanto Route 9
Marowak,Kanto Route 9
Venomoth,Kanto Route 9
Magikarp,Kanto Route 9
Nidoran♀,Kanto Route 9
Goldeen,Kanto Route 9
Mankey,Kanto Route 9
Primeape,Kanto Route 9
Nidoran♂,Kanto Route 9
Sandshrew,Kanto Route 9
Nidorino,Kanto Route 9
Zubat,Kanto Route 9
Spearow,Kanto Route 9
Fearow,Kanto Route 9
Seaking,Kanto Route 9
Raticate,Kanto Route 9
Venonat,Kanto Route 10
Psyduck,Kanto Route 10
Horsea,Kanto Route 10
Ekans,Kanto Route 10
Slowpoke,Kanto Route 10
Venomoth,Kanto Route 10
Goldeen,Kanto Route 10
Tentacool,Kanto Route 10
Nidoran♂,Kanto Route 10
Quagsire,Kanto Route 10
Marowak,Kanto Route 10
Poliwhirl,Kanto Route 10
Voltorb,Kanto Route 10
Machop,Kanto Route 10
Zubat,Kanto Route 10
Magnemite,Kanto Route 10
Raticate,Kanto Route 10
Gyarados,Kanto Route 10
Krabby,Kanto Route 10
Nidoran♀,Kanto Route 10
Kingler,Kanto Route 10
Poliwag,Kanto Route 10
Sandshrew,Kanto Route 10
Electabuzz,Kanto Route 10
Magikarp,Kanto Route 10
Spearow,Kanto Route 10
Fearow,Kanto Route 10
Seaking,Kanto Route 10
Rattata,Kanto Route 10
Psyduck,Kanto Route 11
Horsea,Kanto Route 11
Ekans,Kanto Route 11
Slowpoke,Kanto Route 11
Goldeen,Kanto Route 11
Tentacool,Kanto Route 11
Noctowl,Kanto Route 11
Dugtrio,Kanto Route 11
Magnemite,Kanto Route 11
Raticate,Kanto Route 11
Gyarados,Kanto Route 11
Pidgey,Kanto Route 11
Krabby,Kanto Route 11
Poliwag,Kanto Route 11
Sandshrew,Kanto Route 11
Hoppip,Kanto Route 11
Nidorino,Kanto Route 11
Nidorina,Kanto Route 11
Pidgeotto,Kanto Route 11
Shellder,Kanto Route 11
Hypno,Kanto Route 11
Magikarp,Kanto Route 11
Drowzee,Kanto Route 11
Meowth,Kanto Route 11
Spearow,Kanto Route 11
Rattata,Kanto Route 11
Venonat,Kanto Route 12
Bellsprout,Kanto Route 12
Psyduck,Kanto Route 12
Horsea,Kanto Route 12
Slowpoke,Kanto Route 12
Qwilfish,Kanto Route 12
Goldeen,Kanto Route 12
Tentacool,Kanto Route 12
Quagsire,Kanto Route 12
Slowbro,Kanto Route 12
Gloom,Kanto Route 12
Weepinbell,Kanto Route 12
Gyarados,Kanto Route 12
Pidgey,Kanto Route 12
Krabby,Kanto Route 12
Oddish,Kanto Route 12
Poliwag,Kanto Route 12
Farfetch'd,Kanto Route 12
Pidgeotto,Kanto Route 12
Seadra,Kanto Route 12
Magikarp,Kanto Route 12
Snorlax,Kanto Route 12
Tentacruel,Kanto Route 12
Venonat,Kanto Route 13
Bellsprout,Kanto Route 13
Psyduck,Kanto Route 13
Horsea,Kanto Route 13
Slowpoke,Kanto Route 13
Venomoth,Kanto Route 13
Qwilfish,Kanto Route 13
Goldeen,Kanto Route 13
Tentacool,Kanto Route 13
Noctowl,Kanto Route 13
Quagsire,Kanto Route 13
Slowbro,Kanto Route 13
Gloom,Kanto Route 13
Weepinbell,Kanto Route 13
Gyarados,Kanto Route 13
Pidgey,Kanto Route 13
Krabby,Kanto Route 13
Oddish,Kanto Route 13
Poliwag,Kanto Route 13
Nidorino,Kanto Route 13
Hoppip,Kanto Route 13
Farfetch'd,Kanto Route 13
Nidorina,Kanto Route 13
Pidgeotto,Kanto Route 13
Seadra,Kanto Route 13
Chansey,Kanto Route 13
Magikarp,Kanto Route 13
Tentacruel,Kanto Route 13
Ditto,Kanto Route 13
Venonat,Kanto Route 14
Bellsprout,Kanto Route 14
Venomoth,Kanto Route 14
Goldeen,Kanto Route 14
Skiploom,Kanto Route 14
Noctowl,Kanto Route 14
Corsola,Kanto Route 14
Quagsire,Kanto Route 14
Gloom,Kanto Route 14
Weepinbell,Kanto Route 14
Pidgey,Kanto Route 14
Krabby,Kanto Route 14
Staryu,Kanto Route 14
Oddish,Kanto Route 14
Kingler,Kanto Route 14
Poliwag,Kanto Route 14
Nidorino,Kanto Route 14
Hoppip,Kanto Route 14
Nidorina,Kanto Route 14
Pidgeotto,Kanto Route 14
Chansey,Kanto Route 14
Magikarp,Kanto Route 14
Ditto,Kanto Route 14
Aerodactyl,Kanto Route 14
Venonat,Kanto Route 15
Bellsprout,Kanto Route 15
Pidgeotto,Kanto Route 15
Nidorina,Kanto Route 15
Pidgey,Kanto Route 15
Chansey,Kanto Route 15
Venomoth,Kanto Route 15
Oddish,Kanto Route 15
Noctowl,Kanto Route 15
Nidorino,Kanto Route 15
Hoppip,Kanto Route 15
Weepinbell,Kanto Route 15
Quagsire,Kanto Route 15
Gloom,Kanto Route 15
Ditto,Kanto Route 15
Rattata,Kanto Route 16
Murkrow,Kanto Route 16
Doduo,Kanto Route 16
Snorlax,Kanto Route 16
Muk,Kanto Route 16
Grimer,Kanto Route 16
Slugma,Kanto Route 16
Spearow,Kanto Route 16
Fearow,Kanto Route 16
Raticate,Kanto Route 16
Dodrio,Kanto Route 17
Shellder,Kanto Route 17
Rattata,Kanto Route 17
Krabby,Kanto Route 17
Magikarp,Kanto Route 17
Goldeen,Kanto Route 17
Doduo,Kanto Route 17
Poliwag,Kanto Route 17
Ponyta,Kanto Route 17
Tentacool,Kanto Route 17
Grimer,Kanto Route 17
Slugma,Kanto Route 17
Muk,Kanto Route 17
Spearow,Kanto Route 17
Fearow,Kanto Route 17
Raticate,Kanto Route 17
Shellder,Kanto Route 18
Rattata,Kanto Route 18
Murkrow,Kanto Route 18
Krabby,Kanto Route 18
Magikarp,Kanto Route 18
Goldeen,Kanto Route 18
Doduo,Kanto Route 18
Poliwag,Kanto Route 18
Tentacool,Kanto Route 18
Lickitung,Kanto Route 18
Muk,Kanto Route 18
Slugma,Kanto Route 18
Grimer,Kanto Route 18
Parasect,Kanto Route 18
Spearow,Kanto Route 18
Fearow,Kanto Route 18
Raticate,Kanto Route 18
Gyarados,Kanto Route 19
Psyduck,Kanto Route 19
Shellder,Kanto Route 19
Horsea,Kanto Route 19
Seadra,Kanto Route 19
Slowpoke,Kanto Route 19
Krabby,Kanto Route 19
Magikarp,Kanto Route 19
Staryu,Kanto Route 19
Kingler,Kanto Route 19
Goldeen,Kanto Route 19
Poliwag,Kanto Route 19
Tentacool,Kanto Route 19
Tentacruel,Kanto Route 19
Corsola,Kanto Route 19
Gyarados,Kanto Route 20
Psyduck,Kanto Route 20
Shellder,Kanto Route 20
Horsea,Kanto Route 20
Seadra,Kanto Route 20
Slowpoke,Kanto Route 20
Krabby,Kanto Route 20
Magikarp,Kanto Route 20
Staryu,Kanto Route 20
Kingler,Kanto Route 20
Goldeen,Kanto Route 20
Poliwag,Kanto Route 20
Tentacool,Kanto Route 20
Tentacruel,Kanto Route 20
Lanturn,Kanto Route 20
Chinchou,Kanto Route 20
Psyduck,Kanto Route 21
Horsea,Kanto Route 21
Slowpoke,Kanto Route 21
Goldeen,Kanto Route 21
Tentacool,Kanto Route 21
Tangela,Kanto Route 21
Chinchou,Kanto Route 21
Raticate,Kanto Route 21
Gyarados,Kanto Route 21
Pidgey,Kanto Route 21
Krabby,Kanto Route 21
Staryu,Kanto Route 21
Kingler,Kanto Route 21
Poliwag,Kanto Route 21
Pidgeotto,Kanto Route 21
Shellder,Kanto Route 21
Mr. Mime,Kanto Route 21
Seadra,Kanto Route 21
Magikarp,Kanto Route 21
Tentacruel,Kanto Route 21
Lanturn,Kanto Route 21
Rattata,Kanto Route 21
Psyduck,Kanto Route 22
Gyarados,Kanto Route 22
Slowpoke,Kanto Route 22
Magikarp,Kanto Route 22
Nidoran♀,Kanto Route 22
Goldeen,Kanto Route 22
Poliwhirl,Kanto Route 22
Poliwag,Kanto Route 22
Ponyta,Kanto Route 22
Doduo,Kanto Route 22
Mankey,Kanto Route 22
Nidoran♂,Kanto Route 22
Spearow,Kanto Route 22
Fearow,Kanto Route 22
Rattata,Kanto Route 22
Psyduck,Kanto Route 23
Ekans,Kanto Route 23
Slowpoke,Kanto Route 23
Goldeen,Kanto Route 23
Primeape,Kanto Route 23
Slowbro,Kanto Route 23
Poliwhirl,Kanto Route 23
Mankey,Kanto Route 23
Gyarados,Kanto Route 23
Kingler,Kanto Route 23
Poliwag,Kanto Route 23
Sandshrew,Kanto Route 23
Nidorino,Kanto Route 23
Sandslash,Kanto Route 23
Nidorina,Kanto Route 23
Seadra,Kanto Route 23
Magikarp,Kanto Route 23
Arbok,Kanto Route 23
Ditto,Kanto Route 23
Spearow,Kanto Route 23
Fearow,Kanto Route 23
Seaking,Kanto Route 23
Venonat,Kanto Route 24
Bellsprout,Kanto Route 24
Psyduck,Kanto Route 24
Horsea,Kanto Route 24
Slowpoke,Kanto Route 24
Venomoth,Kanto Route 24
Goldeen,Kanto Route 24
Tentacool,Kanto Route 24
Weedle,Kanto Route 24
Gloom,Kanto Route 24
Charmander,Kanto Route 24
Weepinbell,Kanto Route 24
Gyarados,Kanto Route 24
Pidgey,Kanto Route 24
Krabby,Kanto Route 24
Oddish,Kanto Route 24
Poliwag,Kanto Route 24
Butterfree,Kanto Route 24
Pidgeotto,Kanto Route 24
Sunkern,Kanto Route 24
Magikarp,Kanto Route 24
Metapod,Kanto Route 24
Kakuna,Kanto Route 24
Caterpie,Kanto Route 24
Abra,Kanto Route 24
Seaking,Kanto Route 24
Venonat,Kanto Route 25
Bellsprout,Kanto Route 25
Psyduck,Kanto Route 25
Slowpoke,Kanto Route 25
Venomoth,Kanto Route 25
Goldeen,Kanto Route 25
Noctowl,Kanto Route 25
Weedle,Kanto Route 25
Poliwhirl,Kanto Route 25
Weepinbell,Kanto Route 25
Seaking,Kanto Route 25
Gyarados,Kanto Route 25
Pidgey,Kanto Route 25
Krabby,Kanto Route 25
Oddish,Kanto Route 25
Kingler,Kanto Route 25
Poliwag,Kanto Route 25
Butterfree,Kanto Route 25
Pidgeotto,Kanto Route 25
Magikarp,Kanto Route 25
Metapod,Kanto Route 25
Kakuna,Kanto Route 25
Caterpie,Kanto Route 25
Abra,Kanto Route 25
Hoothoot,Kanto Route 25
Dodrio,Kanto Route 26
Ekans,Kanto Route 26
Tentacool,Kanto Route 26
Beedrill,Kanto Route 26
Noctowl,Kanto Route 26
Weedle,Kanto Route 26
Quagsire,Kanto Route 26
Whismur,Kanto Route 26
Chinchou,Kanto Route 26
Raticate,Kanto Route 26
Linoone,Kanto Route 26
Exeggcute,Kanto Route 26
Bidoof,Kanto Route 26
Doduo,Kanto Route 26
Ponyta,Kanto Route 26
Butterfree,Kanto Route 26
Sandslash,Kanto Route 26
Shellder,Kanto Route 26
Magikarp,Kanto Route 26
Metapod,Kanto Route 26
Arbok,Kanto Route 26
Spinarak,Kanto Route 26
Buizel,Kanto Route 26
Tentacruel,Kanto Route 26
Pineco,Kanto Route 26
Lanturn,Kanto Route 26
Kakuna,Kanto Route 26
Caterpie,Kanto Route 26
Hoothoot,Kanto Route 26
Ledyba,Kanto Route 26
Dodrio,Kanto Route 27
Ekans,Kanto Route 27
Tentacool,Kanto Route 27
Beedrill,Kanto Route 27
Noctowl,Kanto Route 27
Weedle,Kanto Route 27
Quagsire,Kanto Route 27
Whismur,Kanto Route 27
Chinchou,Kanto Route 27
Raticate,Kanto Route 27
Linoone,Kanto Route 27
Exeggcute,Kanto Route 27
Bidoof,Kanto Route 27
Doduo,Kanto Route 27
Ponyta,Kanto Route 27
Butterfree,Kanto Route 27
Luvdisc,Kanto Route 27
Sandslash,Kanto Route 27
Shellder,Kanto Route 27
Magikarp,Kanto Route 27
Metapod,Kanto Route 27
Arbok,Kanto Route 27
Spinarak,Kanto Route 27
Buizel,Kanto Route 27
Tentacruel,Kanto Route 27
Pineco,Kanto Route 27
Lanturn,Kanto Route 27
Kakuna,Kanto Route 27
Caterpie,Kanto Route 27
Hoothoot,Kanto Route 27
Ledyba,Kanto Route 27
Linoone,Kanto Route 28
Bidoof,Kanto Route 28
Dodrio,Kanto Route 28
Aipom,Kanto Route 28
Heracross,Kanto Route 28
Sneasel,Kanto Route 28
Magikarp,Kanto Route 28
Arbok,Kanto Route 28
Ursaring,Kanto Route 28
Doduo,Kanto Route 28
Poliwhirl,Kanto Route 28
Ponyta,Kanto Route 28
Golbat,Kanto Route 28
Poliwag,Kanto Route 28
Whismur,Kanto Route 28
Buizel,Kanto Route 28
Rapidash,Kanto Route 28
Natu,Kanto Route 28
Donphan,Kanto Route 28
Tangela,Kanto Route 28
Exeggcute,Johto Route 29
Pidgey,Johto Route 29
Aipom,Johto Route 29
Heracross,Johto Route 29
Spearow,Johto Route 29
Ledyba,Johto Route 29
Spinarak,Johto Route 29
Plusle,Johto Route 29
Minun,Johto Route 29
Shinx,Johto Route 29
Pineco,Johto Route 29
Hoppip,Johto Route 29
Sentret,Johto Route 29
Hoothoot,Johto Route 29
Rattata,Johto Route 29
Rattata,Johto Route 30
Weedle,Johto Route 30
Poliwhirl,Johto Route 30
Whismur,Johto Route 30
Zubat,Johto Route 30
Linoone,Johto Route 30
Exeggcute,Johto Route 30
Bidoof,Johto Route 30
Pidgey,Johto Route 30
Aipom,Johto Route 30
Poliwag,Johto Route 30
Hoppip,Johto Route 30
Heracross,Johto Route 30
Magikarp,Johto Route 30
Metapod,Johto Route 30
Spinarak,Johto Route 30
Buizel,Johto Route 30
Pineco,Johto Route 30
Kakuna,Johto Route 30
Caterpie,Johto Route 30
Spearow,Johto Route 30
Hoothoot,Johto Route 30
Ledyba,Johto Route 30
Bellsprout,Johto Route 31
Rattata,Johto Route 31
Gastly,Johto Route 31
Weedle,Johto Route 31
Poliwhirl,Johto Route 31
Whismur,Johto Route 31
Zubat,Johto Route 31
Linoone,Johto Route 31
Exeggcute,Johto Route 31
Bidoof,Johto Route 31
Pidgey,Johto Route 31
Aipom,Johto Route 31
Poliwag,Johto Route 31
Hoppip,Johto Route 31
Heracross,Johto Route 31
Magikarp,Johto Route 31
Metapod,Johto Route 31
Spinarak,Johto Route 31
Buizel,Johto Route 31
Pineco,Johto Route 31
Kakuna,Johto Route 31
Caterpie,Johto Route 31
Spearow,Johto Route 31
Hoothoot,Johto Route 31
Ledyba,Johto Route 31
Bellsprout,Johto Route 32
Ekans,Johto Route 32
Qwilfish,Johto Route 32
Gastly,Johto Route 32
Tentacool,Johto Route 32
Quagsire,Johto Route 32
Whismur,Johto Route 32
Mareep,Johto Route 32
Zubat,Johto Route 32
Linoone,Johto Route 32
Exeggcute,Johto Route 32
Bidoof,Johto Route 32
Pidgey,Johto Route 32
Aipom,Johto Route 32
Wooper,Johto Route 32
Hoppip,Johto Route 32
Heracross,Johto Route 32
Magikarp,Johto Route 32
Buizel,Johto Route 32
Tentacruel,Johto Route 32
Pineco,Johto Route 32
Spearow,Johto Route 32
Hoothoot,Johto Route 32
Rattata,Johto Route 32
Ekans,Johto Route 33
Aipom,Johto Route 33
Heracross,Johto Route 33
Plusle,Johto Route 33
Minun,Johto Route 33
Geodude,Johto Route 33
Shinx,Johto Route 33
Hoppip,Johto Route 33
Zubat,Johto Route 33
Spearow,Johto Route 33
Rattata,Johto Route 33
Magby,Johto Route 34
Snubbull,Johto Route 34
Tentacool,Johto Route 34
Beedrill,Johto Route 34
Corsola,Johto Route 34
Cleffa,Johto Route 34
Weedle,Johto Route 34
Ledyba,Johto Route 34
Tyrogue,Johto Route 34
Elekid,Johto Route 34
Whismur,Johto Route 34
Pichu,Johto Route 34
Jigglypuff,Johto Route 34
Linoone,Johto Route 34
Exeggcute,Johto Route 34
Bidoof,Johto Route 34
Pidgey,Johto Route 34
Krabby,Johto Route 34
Staryu,Johto Route 34
Kingler,Johto Route 34
Ralts,Johto Route 34
Smoochum,Johto Route 34
Butterfree,Johto Route 34
Igglybuff,Johto Route 34
Magikarp,Johto Route 34
Metapod,Johto Route 34
Drowzee,Johto Route 34
Spinarak,Johto Route 34
Buizel,Johto Route 34
Tentacruel,Johto Route 34
Pineco,Johto Route 34
Kakuna,Johto Route 34
Ditto,Johto Route 34
Caterpie,Johto Route 34
Abra,Johto Route 34
Hoothoot,Johto Route 34
Rattata,Johto Route 34
Psyduck,Johto Route 35
Snubbull,Johto Route 35
Beedrill,Johto Route 35
Nidoran♂,Johto Route 35
Weedle,Johto Route 35
Growlithe,Johto Route 35
Poliwhirl,Johto Route 35
Whismur,Johto Route 35
Jigglypuff,Johto Route 35
Linoone,Johto Route 35
Exeggcute,Johto Route 35
Bidoof,Johto Route 35
Pidgey,Johto Route 35
Nidoran♀,Johto Route 35
Golduck,Johto Route 35
Poliwag,Johto Route 35
Butterfree,Johto Route 35
Yanma,Johto Route 35
Magikarp,Johto Route 35
Metapod,Johto Route 35
Drowzee,Johto Route 35
Spinarak,Johto Route 35
Buizel,Johto Route 35
Pineco,Johto Route 35
Kakuna,Johto Route 35
Ditto,Johto Route 35
Caterpie,Johto Route 35
Spearow,Johto Route 35
Abra,Johto Route 35
Hoothoot,Johto Route 35
Ledyba,Johto Route 35
Bellsprout,Johto Route 36
Stantler,Johto Route 36
Gastly,Johto Route 36
Beedrill,Johto Route 36
Nidoran♂,Johto Route 36
Weedle,Johto Route 36
Growlithe,Johto Route 36
Vulpix,Johto Route 36
Shinx,Johto Route 36
Exeggcute,Johto Route 36
Pidgey,Johto Route 36
Nidoran♀,Johto Route 36
Butterfree,Johto Route 36
Metapod,Johto Route 36
Spinarak,Johto Route 36
Plusle,Johto Route 36
Minun,Johto Route 36
Sudowoodo,Johto Route 36
Pineco,Johto Route 36
Kakuna,Johto Route 36
Caterpie,Johto Route 36
Hoothoot,Johto Route 36
Ledyba,Johto Route 36
Stantler,Johto Route 37
Ledian,Johto Route 37
Beedrill,Johto Route 37
Noctowl,Johto Route 37
Weedle,Johto Route 37
Growlithe,Johto Route 37
Vulpix,Johto Route 37
Shinx,Johto Route 37
Ariados,Johto Route 37
Exeggcute,Johto Route 37
Pidgey,Johto Route 37
Butterfree,Johto Route 37
Pidgeotto,Johto Route 37
Metapod,Johto Route 37
Spinarak,Johto Route 37
Plusle,Johto Route 37
Minun,Johto Route 37
Pineco,Johto Route 37
Kakuna,Johto Route 37
Caterpie,Johto Route 37
Hoothoot,Johto Route 37
Ledyba,Johto Route 37
Snubbull,Johto Route 38
Beedrill,Johto Route 38
Noctowl,Johto Route 38
Weedle,Johto Route 38
Ledyba,Johto Route 38
Tauros,Johto Route 38
Shinx,Johto Route 38
Magnemite,Johto Route 38
Raticate,Johto Route 38
Exeggcute,Johto Route 38
Miltank,Johto Route 38
Burmy,Johto Route 38
Butterfree,Johto Route 38
Farfetch'd,Johto Route 38
Pidgeotto,Johto Route 38
Metapod,Johto Route 38
Spinarak,Johto Route 38
Plusle,Johto Route 38
Minun,Johto Route 38
Pineco,Johto Route 38
Meowth,Johto Route 38
Kakuna,Johto Route 38
Caterpie,Johto Route 38
Hoothoot,Johto Route 38
Rattata,Johto Route 38
Beedrill,Johto Route 39
Noctowl,Johto Route 39
Weedle,Johto Route 39
Ledyba,Johto Route 39
Tauros,Johto Route 39
Shinx,Johto Route 39
Magnemite,Johto Route 39
Raticate,Johto Route 39
Exeggcute,Johto Route 39
Miltank,Johto Route 39
Butterfree,Johto Route 39
Farfetch'd,Johto Route 39
Pidgeotto,Johto Route 39
Metapod,Johto Route 39
Spinarak,Johto Route 39
Plusle,Johto Route 39
Minun,Johto Route 39
Pineco,Johto Route 39
Meowth,Johto Route 39
Kakuna,Johto Route 39
Caterpie,Johto Route 39
Hoothoot,Johto Route 39
Rattata,Johto Route 39
Krabby,Johto Route 40
Staryu,Johto Route 40
Magikarp,Johto Route 40
Kingler,Johto Route 40
Tentacool,Johto Route 40
Shuckle,Johto Route 40
Tentacruel,Johto Route 40
Corsola,Johto Route 40
Shellder,Johto Route 41
Krabby,Johto Route 41
Magikarp,Johto Route 41
Staryu,Johto Route 41
Kingler,Johto Route 41
Tentacool,Johto Route 41
Mantine,Johto Route 41
Tentacruel,Johto Route 41
Lanturn,Johto Route 41
Corsola,Johto Route 41
Chinchou,Johto Route 41
Ekans,Johto Route 42
Goldeen,Johto Route 42
Whismur,Johto Route 42
Mankey,Johto Route 42
Mareep,Johto Route 42
Zubat,Johto Route 42
Raticate,Johto Route 42
Linoone,Johto Route 42
Bidoof,Johto Route 42
Aipom,Johto Route 42
Marill,Johto Route 42
Heracross,Johto Route 42
Magikarp,Johto Route 42
Arbok,Johto Route 42
Golbat,Johto Route 42
Flaaffy,Johto Route 42
Buizel,Johto Route 42
Spearow,Johto Route 42
Fearow,Johto Route 42
Seaking,Johto Route 42
Rattata,Johto Route 42
Venonat,Johto Route 43
Venomoth,Johto Route 43
Noctowl,Johto Route 43
Sentret,Johto Route 43
Whismur,Johto Route 43
Mareep,Johto Route 43
Raticate,Johto Route 43
Linoone,Johto Route 43
Exeggcute,Johto Route 43
Bidoof,Johto Route 43
Aipom,Johto Route 43
Poliwag,Johto Route 43
Farfetch'd,Johto Route 43
Girafarig,Johto Route 43
Furret,Johto Route 43
Pidgeotto,Johto Route 43
Heracross,Johto Route 43
Magikarp,Johto Route 43
Flaaffy,Johto Route 43
Buizel,Johto Route 43
Pineco,Johto Route 43
Spearow,Johto Route 43
Hoothoot,Johto Route 43
Linoone,Johto Route 44
Bellsprout,Johto Route 44
Bidoof,Johto Route 44
Aipom,Johto Route 44
Heracross,Johto Route 44
Magikarp,Johto Route 44
Poliwhirl,Johto Route 44
Whismur,Johto Route 44
Poliwag,Johto Route 44
Lickitung,Johto Route 44
Buizel,Johto Route 44
Weepinbell,Johto Route 44
Spearow,Johto Route 44
Tangela,Johto Route 44
Remoraid,Johto Route 44
Dragonair,Johto Route 45
Linoone,Johto Route 45
Bidoof,Johto Route 45
Aipom,Johto Route 45
Heracross,Johto Route 45
Swablu,Johto Route 45
Magikarp,Johto Route 45
Whismur,Johto Route 45
Graveler,Johto Route 45
Poliwag,Johto Route 45
Geodude,Johto Route 45
Buizel,Johto Route 45
Donphan,Johto Route 45
Skarmory,Johto Route 45
Dratini,Johto Route 45
Gligar,Johto Route 45
Spearow,Johto Route 45
Phanpy,Johto Route 45
Teddiursa,Johto Route 45
Aipom,Johto Route 46
Heracross,Johto Route 46
Plusle,Johto Route 46
Minun,Johto Route 46
Geodude,Johto Route 46
Jigglypuff,Johto Route 46
Shinx,Johto Route 46
Spearow,Johto Route 46
Phanpy,Johto Route 46
Rattata,Johto Route 46
Tentacool,Johto Route 47
Beedrill,Johto Route 47
Noctowl,Johto Route 47
Gloom,Johto Route 47
Seel,Johto Route 47
Whismur,Johto Route 47
Chinchou,Johto Route 47
Raticate,Johto Route 47
Linoone,Johto Route 47
Exeggcute,Johto Route 47
Bidoof,Johto Route 47
Miltank,Johto Route 47
Staryu,Johto Route 47
Butterfree,Johto Route 47
Farfetch'd,Johto Route 47
Shellder,Johto Route 47
Heracross,Johto Route 47
Magikarp,Johto Route 47
Metapod,Johto Route 47
Spinarak,Johto Route 47
Buizel,Johto Route 47
Tentacruel,Johto Route 47
Pineco,Johto Route 47
Lanturn,Johto Route 47
Kakuna,Johto Route 47
Ditto,Johto Route 47
Spearow,Johto Route 47
Fearow,Johto Route 47
Hoothoot,Johto Route 47
Ledyba,Johto Route 47
Diglett,Johto Route 48
Tauros,Johto Route 48
Exeggcute,Johto Route 48
Hoothoot,Johto Route 48
Spinarak,Johto Route 48
Plusle,Johto Route 48
Minun,Johto Route 48
Shinx,Johto Route 48
Pineco,Johto Route 48
Hoppip,Johto Route 48
Gloom,Johto Route 48
Farfetch'd,Johto Route 48
Girafarig,Johto Route 48
Fearow,Johto Route 48
Growlithe,Johto Route 48
Vulpix,Johto Route 48
Ledyba,Johto Route 48
Lillipup,Hoenn Route 101
Cyndaquil,Hoenn Route 101
Mudkip,Hoenn Route 101
Wurmple,Hoenn Route 101
Oshawott,Hoenn Route 101
Chimchar,Hoenn Route 101
Totodile,Hoenn Route 101
Poochyena,Hoenn Route 101
Zorua,Hoenn Route 101
Piplup,Hoenn Route 101
Torchic,Hoenn Route 101
Treecko,Hoenn Route 101
Chikorita,Hoenn Route 101
Zigzagoon,Hoenn Route 101
Tepig,Hoenn Route 101
Snivy,Hoenn Route 101
Sewaddle,Hoenn Route 101
Turtwig,Hoenn Route 101
Lillipup,Hoenn Route 102
Corphish,Hoenn Route 102
Magikarp,Hoenn Route 102
Gothita,Hoenn Route 102
Wurmple,Hoenn Route 102
Seedot,Hoenn Route 102
Goldeen,Hoenn Route 102
Ralts,Hoenn Route 102
Poochyena,Hoenn Route 102
Azumarill,Hoenn Route 102
Tympole,Hoenn Route 102
Zigzagoon,Hoenn Route 102
Masquerain,Hoenn Route 102
Surskit,Hoenn Route 102
Marill,Hoenn Route 102
Lotad,Hoenn Route 102
Sharpedo,Hoenn Route 103
Shellos,Hoenn Route 103
Lillipup,Hoenn Route 103
Magikarp,Hoenn Route 103
Wingull,Hoenn Route 103
Wailmer,Hoenn Route 103
Pelipper,Hoenn Route 103
Tentacool,Hoenn Route 103
Poochyena,Hoenn Route 103
Zigzagoon,Hoenn Route 103
Chatot,Hoenn Route 103
Sewaddle,Hoenn Route 104
Magikarp,Hoenn Route 104
Wingull,Hoenn Route 104
Wurmple,Hoenn Route 104
Pelipper,Hoenn Route 104
Poochyena,Hoenn Route 104
Taillow,Hoenn Route 104
Zigzagoon,Hoenn Route 104
Marill,Hoenn Route 104
Chatot,Hoenn Route 104
Pidove,Hoenn Route 104
Clauncher,Hoenn Route 105
Krabby,Hoenn Route 105
Magikarp,Hoenn Route 105
Wingull,Hoenn Route 105
Wailmer,Hoenn Route 105
Pelipper,Hoenn Route 105
Tentacool,Hoenn Route 105
Frillish,Hoenn Route 105
Skrelp,Hoenn Route 105
Clauncher,Hoenn Route 106
Krabby,Hoenn Route 106
Magikarp,Hoenn Route 106
Wingull,Hoenn Route 106
Wailmer,Hoenn Route 106
Pelipper,Hoenn Route 106
Tentacool,Hoenn Route 106
Frillish,Hoenn Route 106
Skrelp,Hoenn Route 106
Clauncher,Hoenn Route 107
Krabby,Hoenn Route 107
Magikarp,Hoenn Route 107
Wingull,Hoenn Route 107
Wailmer,Hoenn Route 107
Pelipper,Hoenn Route 107
Tentacool,Hoenn Route 107
Frillish,Hoenn Route 107
Clamperl,Hoenn Route 107
Skrelp,Hoenn Route 107
Lanturn,Hoenn Route 107
Relicanth,Hoenn Route 107
Chinchou,Hoenn Route 107
Clauncher,Hoenn Route 108
Krabby,Hoenn Route 108
Magikarp,Hoenn Route 108
Wingull,Hoenn Route 108
Wailmer,Hoenn Route 108
Pelipper,Hoenn Route 108
Tentacool,Hoenn Route 108
Frillish,Hoenn Route 108
Skrelp,Hoenn Route 108
Clauncher,Hoenn Route 109
Krabby,Hoenn Route 109
Magikarp,Hoenn Route 109
Wingull,Hoenn Route 109
Wailmer,Hoenn Route 109
Pelipper,Hoenn Route 109
Tentacool,Hoenn Route 109
Frillish,Hoenn Route 109
Skrelp,Hoenn Route 109
Shellos,Hoenn Route 110
Magikarp,Hoenn Route 110
Oddish,Hoenn Route 110
Wingull,Hoenn Route 110
Plusle,Hoenn Route 110
Minun,Hoenn Route 110
Gulpin,Hoenn Route 110
Tentacool,Hoenn Route 110
Poochyena,Hoenn Route 110
Pelipper,Hoenn Route 110
Wailmer,Hoenn Route 110
Voltorb,Hoenn Route 110
Zigzagoon,Hoenn Route 110
Electrike,Hoenn Route 110
Magnemite,Hoenn Route 110
Chatot,Hoenn Route 110
Trubbish,Hoenn Route 110
Baltoy,Hoenn Route 111
Sandile,Hoenn Route 111
Magikarp,Hoenn Route 111
Gible,Hoenn Route 111
Cacnea,Hoenn Route 111
Masquerain,Hoenn Route 111
Goldeen,Hoenn Route 111
Azumarill,Hoenn Route 111
Geodude,Hoenn Route 111
Dwebble,Hoenn Route 111
Sandshrew,Hoenn Route 111
Trapinch,Hoenn Route 111
Surskit,Hoenn Route 111
Marill,Hoenn Route 111
Barboach,Hoenn Route 111
Ponyta,Hoenn Route 112
Sawk,Hoenn Route 112
Machop,Hoenn Route 112
Throh,Hoenn Route 112
Numel,Hoenn Route 112
Marill,Hoenn Route 112
Tyrogue,Hoenn Route 112
Skarmory,Hoenn Route 113
Slugma,Hoenn Route 113
Sandshrew,Hoenn Route 113
Spinda,Hoenn Route 113
Skorupi,Hoenn Route 114
Swablu,Hoenn Route 114
Barboach,Hoenn Route 114
Magikarp,Hoenn Route 114
Seedot,Hoenn Route 114
Goldeen,Hoenn Route 114
Azumarill,Hoenn Route 114
Seviper,Hoenn Route 114
Geodude,Hoenn Route 114
Tympole,Hoenn Route 114
Lotad,Hoenn Route 114
Misdreavus,Hoenn Route 114
Masquerain,Hoenn Route 114
Surskit,Hoenn Route 114
Marill,Hoenn Route 114
Zangoose,Hoenn Route 114
Lombre,Hoenn Route 114
Nuzleaf,Hoenn Route 114
Swablu,Hoenn Route 115
Magikarp,Hoenn Route 115
Wingull,Hoenn Route 115
Wailmer,Hoenn Route 115
Pelipper,Hoenn Route 115
Clefairy,Hoenn Route 115
Tentacool,Hoenn Route 115
Swellow,Hoenn Route 115
Jigglypuff,Hoenn Route 115
Taillow,Hoenn Route 115
Misdreavus,Hoenn Route 115
Pidove,Hoenn Route 115
Joltik,Hoenn Route 116
Eevee,Hoenn Route 116
Whismur,Hoenn Route 116
Poochyena,Hoenn Route 116
Taillow,Hoenn Route 116
Zigzagoon,Hoenn Route 116
Nincada,Hoenn Route 116
Skitty,Hoenn Route 116
Abra,Hoenn Route 116
Pidove,Hoenn Route 116
Corphish,Hoenn Route 117
Magikarp,Hoenn Route 117
Oddish,Hoenn Route 117
Roselia,Hoenn Route 117
Seedot,Hoenn Route 117
Goldeen,Hoenn Route 117
Azumarill,Hoenn Route 117
Poochyena,Hoenn Route 117
Tympole,Hoenn Route 117
Illumise,Hoenn Route 117
Deerling,Hoenn Route 117
Zigzagoon,Hoenn Route 117
Masquerain,Hoenn Route 117
Surskit,Hoenn Route 117
Marill,Hoenn Route 117
Crawdaunt,Hoenn Route 117
Volbeat,Hoenn Route 117
Rattata,Hoenn Route 117
Linoone,Hoenn Route 118
Sharpedo,Hoenn Route 118
Aipom,Hoenn Route 118
Luxio,Hoenn Route 118
Magikarp,Hoenn Route 118
Wingull,Hoenn Route 118
Pelipper,Hoenn Route 118
Tentacool,Hoenn Route 118
Kecleon,Hoenn Route 118
Zigzagoon,Hoenn Route 118
Electrike,Hoenn Route 118
Carvanha,Hoenn Route 118
Manectric,Hoenn Route 118
Raticate,Hoenn Route 118
Linoone,Hoenn Route 119
Sharpedo,Hoenn Route 119
Tropius,Hoenn Route 119
Oddish,Hoenn Route 119
Wingull,Hoenn Route 119
Pelipper,Hoenn Route 119
Magikarp,Hoenn Route 119
Tentacool,Hoenn Route 119
Kecleon,Hoenn Route 119
Zigzagoon,Hoenn Route 119
Carvanha,Hoenn Route 119
Feebas,Hoenn Route 119
Gloom,Hoenn Route 119
Linoone,Hoenn Route 120
Mightyena,Hoenn Route 120
Magikarp,Hoenn Route 120
Oddish,Hoenn Route 120
Tropius,Hoenn Route 120
Masquerain,Hoenn Route 120
Seedot,Hoenn Route 120
Goldeen,Hoenn Route 120
Azumarill,Hoenn Route 120
Poochyena,Hoenn Route 120
Tentacool,Hoenn Route 120
Kecleon,Hoenn Route 120
Gloom,Hoenn Route 120
Zigzagoon,Hoenn Route 120
Absol,Hoenn Route 120
Surskit,Hoenn Route 120
Marill,Hoenn Route 120
Barboach,Hoenn Route 120
Linoone,Hoenn Route 121
Hypno,Hoenn Route 121
Mightyena,Hoenn Route 121
Aipom,Hoenn Route 121
Magikarp,Hoenn Route 121
Oddish,Hoenn Route 121
Wingull,Hoenn Route 121
Pelipper,Hoenn Route 121
Wailmer,Hoenn Route 121
Tentacool,Hoenn Route 121
Poochyena,Hoenn Route 121
Duskull,Hoenn Route 121
Shuppet,Hoenn Route 121
Kecleon,Hoenn Route 121
Zigzagoon,Hoenn Route 121
Elgyem,Hoenn Route 121
Gloom,Hoenn Route 121
Sharpedo,Hoenn Route 122
Magikarp,Hoenn Route 122
Wingull,Hoenn Route 122
Wailmer,Hoenn Route 122
Pelipper,Hoenn Route 122
Alomomola,Hoenn Route 122
Tentacool,Hoenn Route 122
Frillish,Hoenn Route 122
Finneon,Hoenn Route 122
Wailmer,Hoenn Route 123
Goldeen,Hoenn Route 123
Tentacool,Hoenn Route 123
Poochyena,Hoenn Route 123
Kecleon,Hoenn Route 123
Gloom,Hoenn Route 123
Mightyena,Hoenn Route 123
Wingull,Hoenn Route 123
Surskit,Hoenn Route 123
Linoone,Hoenn Route 123
Oddish,Hoenn Route 123
Pelipper,Hoenn Route 123
Azumarill,Hoenn Route 123
Shuppet,Hoenn Route 123
Zigzagoon,Hoenn Route 123
Masquerain,Hoenn Route 123
Corphish,Hoenn Route 123
Marill,Hoenn Route 123
Magikarp,Hoenn Route 123
Duskull,Hoenn Route 123
Crawdaunt,Hoenn Route 123
Sharpedo,Hoenn Route 124
Magikarp,Hoenn Route 124
Wingull,Hoenn Route 124
Wailmer,Hoenn Route 124
Pelipper,Hoenn Route 124
Alomomola,Hoenn Route 124
Tentacool,Hoenn Route 124
Frillish,Hoenn Route 124
Tentacruel,Hoenn Route 124
Clamperl,Hoenn Route 124
Relicanth,Hoenn Route 124
Finneon,Hoenn Route 124
Chinchou,Hoenn Route 124
Sharpedo,Hoenn Route 125
Magikarp,Hoenn Route 125
Wingull,Hoenn Route 125
Wailmer,Hoenn Route 125
Pelipper,Hoenn Route 125
Tentacool,Hoenn Route 125
Frillish,Hoenn Route 125
Tentacruel,Hoenn Route 125
Finneon,Hoenn Route 125
Seel,Hoenn Route 125
Sharpedo,Hoenn Route 126
Magikarp,Hoenn Route 126
Wingull,Hoenn Route 126
Wailmer,Hoenn Route 126
Pelipper,Hoenn Route 126
Alomomola,Hoenn Route 126
Tentacool,Hoenn Route 126
Frillish,Hoenn Route 126
Tentacruel,Hoenn Route 126
Clamperl,Hoenn Route 126
Relicanth,Hoenn Route 126
Finneon,Hoenn Route 126
Chinchou,Hoenn Route 126
Sharpedo,Hoenn Route 127
Magikarp,Hoenn Route 127
Wingull,Hoenn Route 127
Wailmer,Hoenn Route 127
Pelipper,Hoenn Route 127
Alomomola,Hoenn Route 127
Tentacool,Hoenn Route 127
Frillish,Hoenn Route 127
Tentacruel,Hoenn Route 127
Finneon,Hoenn Route 127
Magikarp,Hoenn Route 128
Wingull,Hoenn Route 128
Wailmer,Hoenn Route 128
Pelipper,Hoenn Route 128
Alomomola,Hoenn Route 128
Tentacool,Hoenn Route 128
Frillish,Hoenn Route 128
Tentacruel,Hoenn Route 128
Finneon,Hoenn Route 128
Clamperl,Hoenn Route 128
Lanturn,Hoenn Route 128
Relicanth,Hoenn Route 128
Luvdisc,Hoenn Route 128
Corsola,Hoenn Route 128
Chinchou,Hoenn Route 128
Sharpedo,Hoenn Route 129
Magikarp,Hoenn Route 129
Wingull,Hoenn Route 129
Wailmer,Hoenn Route 129
Pelipper,Hoenn Route 129
Wailord,Hoenn Route 129
Alomomola,Hoenn Route 129
Tentacool,Hoenn Route 129
Frillish,Hoenn Route 129
Tentacruel,Hoenn Route 129
Finneon,Hoenn Route 129
Clamperl,Hoenn Route 129
Lanturn,Hoenn Route 129
Relicanth,Hoenn Route 129
Chinchou,Hoenn Route 129
Sharpedo,Hoenn Route 130
Seadra,Hoenn Route 130
Horsea,Hoenn Route 130
Magikarp,Hoenn Route 130
Wingull,Hoenn Route 130
Wailmer,Hoenn Route 130
Pelipper,Hoenn Route 130
Alomomola,Hoenn Route 130
Wynaut,Hoenn Route 130
Tentacool,Hoenn Route 130
Frillish,Hoenn Route 130
Tentacruel,Hoenn Route 130
Finneon,Hoenn Route 130
Clamperl,Hoenn Route 130
Lanturn,Hoenn Route 130
Relicanth,Hoenn Route 130
Chinchou,Hoenn Route 130
Sharpedo,Hoenn Route 131
Seadra,Hoenn Route 131
Horsea,Hoenn Route 131
Magikarp,Hoenn Route 131
Wingull,Hoenn Route 131
Wailmer,Hoenn Route 131
Pelipper,Hoenn Route 131
Alomomola,Hoenn Route 131
Tentacool,Hoenn Route 131
Frillish,Hoenn Route 131
Tentacruel,Hoenn Route 131
Finneon,Hoenn Route 131
Sharpedo,Hoenn Route 132
Seadra,Hoenn Route 132
Horsea,Hoenn Route 132
Magikarp,Hoenn Route 132
Wingull,Hoenn Route 132
Wailmer,Hoenn Route 132
Pelipper,Hoenn Route 132
Alomomola,Hoenn Route 132
Tentacool,Hoenn Route 132
Frillish,Hoenn Route 132
Tentacruel,Hoenn Route 132
Finneon,Hoenn Route 132
Sharpedo,Hoenn Route 133
Seadra,Hoenn Route 133
Horsea,Hoenn Route 133
Magikarp,Hoenn Route 133
Wingull,Hoenn Route 133
Wailmer,Hoenn Route 133
Pelipper,Hoenn Route 133
Alomomola,Hoenn Route 133
Tentacool,Hoenn Route 133
Frillish,Hoenn Route 133
Tentacruel,Hoenn Route 133
Finneon,Hoenn Route 133
Sharpedo,Hoenn Route 134
Seadra,Hoenn Route 134
Horsea,Hoenn Route 134
Magikarp,Hoenn Route 134
Wingull,Hoenn Route 134
Wailmer,Hoenn Route 134
Pelipper,Hoenn Route 134
Alomomola,Hoenn Route 134
Tentacool,Hoenn Route 134
Frillish,Hoenn Route 134
Finneon,Hoenn Route 134
Bidoof,Sinnoh Route 201
Kricketot,Sinnoh Route 201
Nidoran♀,Sinnoh Route 201
Starly,Sinnoh Route 201
Chimchar,Sinnoh Route 201
Doduo,Sinnoh Route 201
Piplup,Sinnoh Route 201
Nidoran♂,Sinnoh Route 201
Turtwig,Sinnoh Route 201
Growlithe,Sinnoh Route 201
Bidoof,Sinnoh Route 202
Kricketot,Sinnoh Route 202
Starly,Sinnoh Route 202
Shinx,Sinnoh Route 202
Zigzagoon,Sinnoh Route 202
Sentret,Sinnoh Route 202
Growlithe,Sinnoh Route 202
Bidoof,Sinnoh Route 203
Psyduck,Sinnoh Route 203
Gyarados,Sinnoh Route 203
Kirlia,Sinnoh Route 203
Magikarp,Sinnoh Route 203
Kricketot,Sinnoh Route 203
Golduck,Sinnoh Route 203
Starly,Sinnoh Route 203
Goldeen,Sinnoh Route 203
Seedot,Sinnoh Route 203
Ralts,Sinnoh Route 203
Shinx,Sinnoh Route 203
Pineco,Sinnoh Route 203
Lotad,Sinnoh Route 203
Cubone,Sinnoh Route 203
Zubat,Sinnoh Route 203
Abra,Sinnoh Route 203
Seaking,Sinnoh Route 203
Psyduck,Sinnoh Route 204
Goldeen,Sinnoh Route 204
Weedle,Sinnoh Route 204
Kirlia,Sinnoh Route 204
Starly,Sinnoh Route 204
Seedot,Sinnoh Route 204
Shinx,Sinnoh Route 204
Zubat,Sinnoh Route 204
Budew,Sinnoh Route 204
Bidoof,Sinnoh Route 204
Gyarados,Sinnoh Route 204
Kricketot,Sinnoh Route 204
Golduck,Sinnoh Route 204
Ralts,Sinnoh Route 204
Sunkern,Sinnoh Route 204
Magikarp,Sinnoh Route 204
Wurmple,Sinnoh Route 204
Pineco,Sinnoh Route 204
Caterpie,Sinnoh Route 204
Lotad,Sinnoh Route 204
Seaking,Sinnoh Route 204
Psyduck,Sinnoh Route 205
Slowpoke,Sinnoh Route 205
Tentacool,Sinnoh Route 205
Beautifly,Sinnoh Route 205
Skiploom,Sinnoh Route 205
Finneon,Sinnoh Route 205
Barboach,Sinnoh Route 205
Dustox,Sinnoh Route 205
Wingull,Sinnoh Route 205
Elekid,Sinnoh Route 205
Silcoon,Sinnoh Route 205
Budew,Sinnoh Route 205
Bidoof,Sinnoh Route 205
Gyarados,Sinnoh Route 205
Kricketot,Sinnoh Route 205
Golduck,Sinnoh Route 205
Pelipper,Sinnoh Route 205
Hoppip,Sinnoh Route 205
Lumineon,Sinnoh Route 205
Pachirisu,Sinnoh Route 205
Shellos,Sinnoh Route 205
Shellder,Sinnoh Route 205
Cascoon,Sinnoh Route 205
Magikarp,Sinnoh Route 205
Wurmple,Sinnoh Route 205
Buizel,Sinnoh Route 205
Tentacruel,Sinnoh Route 205
Whiscash,Sinnoh Route 205
Gastrodon,Sinnoh Route 205
Lotad,Sinnoh Route 205
Hoothoot,Sinnoh Route 205
Bronzor,Sinnoh Route 206
Baltoy,Sinnoh Route 206
Kricketot,Sinnoh Route 206
Stunky,Sinnoh Route 206
Nosepass,Sinnoh Route 206
Ponyta,Sinnoh Route 206
Geodude,Sinnoh Route 206
Machop,Sinnoh Route 206
Zubat,Sinnoh Route 206
Gligar,Sinnoh Route 206
Larvitar,Sinnoh Route 206
Kricketune,Sinnoh Route 206
Stantler,Sinnoh Route 207
Kricketot,Sinnoh Route 207
Ponyta,Sinnoh Route 207
Geodude,Sinnoh Route 207
Machop,Sinnoh Route 207
Zubat,Sinnoh Route 207
Gligar,Sinnoh Route 207
Larvitar,Sinnoh Route 207
Phanpy,Sinnoh Route 207
Psyduck,Sinnoh Route 208
Goldeen,Sinnoh Route 208
Meditite,Sinnoh Route 208
Barboach,Sinnoh Route 208
Dunsparce,Sinnoh Route 208
Bibarel,Sinnoh Route 208
Tyrogue,Sinnoh Route 208
Machop,Sinnoh Route 208
Zubat,Sinnoh Route 208
Zangoose,Sinnoh Route 208
Budew,Sinnoh Route 208
Bidoof,Sinnoh Route 208
Gyarados,Sinnoh Route 208
Golduck,Sinnoh Route 208
Roselia,Sinnoh Route 208
Smeargle,Sinnoh Route 208
Ralts,Sinnoh Route 208
Magikarp,Sinnoh Route 208
Seviper,Sinnoh Route 208
Whiscash,Sinnoh Route 208
Seaking,Sinnoh Route 208
Psyduck,Sinnoh Route 209
Snubbull,Sinnoh Route 209
Goldeen,Sinnoh Route 209
Gastly,Sinnoh Route 209
Vulpix,Sinnoh Route 209
Bibarel,Sinnoh Route 209
Tauros,Sinnoh Route 209
Kirlia,Sinnoh Route 209
Starly,Sinnoh Route 209
Zubat,Sinnoh Route 209
Bonsly,Sinnoh Route 209
Gyarados,Sinnoh Route 209
Miltank,Sinnoh Route 209
Golduck,Sinnoh Route 209
Roselia,Sinnoh Route 209
Ralts,Sinnoh Route 209
Spiritomb,Sinnoh Route 209
Staravia,Sinnoh Route 209
Chansey,Sinnoh Route 209
Magikarp,Sinnoh Route 209
Duskull,Sinnoh Route 209
Mime Jr.,Sinnoh Route 209
Seaking,Sinnoh Route 209
Psyduck,Sinnoh Route 210
Noctowl,Sinnoh Route 210
Kecleon,Sinnoh Route 210
Meditite,Sinnoh Route 210
Barboach,Sinnoh Route 210
Bibarel,Sinnoh Route 210
Nuzleaf,Sinnoh Route 210
Tauros,Sinnoh Route 210
Seedot,Sinnoh Route 210
Machop,Sinnoh Route 210
Bagon,Sinnoh Route 210
Bonsly,Sinnoh Route 210
Zangoose,Sinnoh Route 210
Kricketune,Sinnoh Route 210
Gyarados,Sinnoh Route 210
Swablu,Sinnoh Route 210
Miltank,Sinnoh Route 210
Golduck,Sinnoh Route 210
Roselia,Sinnoh Route 210
Ponyta,Sinnoh Route 210
Machoke,Sinnoh Route 210
Scyther,Sinnoh Route 210
Staravia,Sinnoh Route 210
Chansey,Sinnoh Route 210
Magikarp,Sinnoh Route 210
Geodude,Sinnoh Route 210
Seviper,Sinnoh Route 210
Whiscash,Sinnoh Route 210
Pineco,Sinnoh Route 210
Mime Jr.,Sinnoh Route 210
Hoothoot,Sinnoh Route 210
Bidoof,Sinnoh Route 211
Bronzor,Sinnoh Route 211
Swablu,Sinnoh Route 211
Teddiursa,Sinnoh Route 211
Chingling,Sinnoh Route 211
Machoke,Sinnoh Route 211
Ponyta,Sinnoh Route 211
Geodude,Sinnoh Route 211
Graveler,Sinnoh Route 211
Noctowl,Sinnoh Route 211
Meditite,Sinnoh Route 211
Machop,Sinnoh Route 211
Zubat,Sinnoh Route 211
Hoothoot,Sinnoh Route 211
Tyrogue,Sinnoh Route 211
Psyduck,Sinnoh Route 212
Ekans,Sinnoh Route 212
Goldeen,Sinnoh Route 212
Tentacool,Sinnoh Route 212
Quagsire,Sinnoh Route 212
Barboach,Sinnoh Route 212
Bibarel,Sinnoh Route 212
Kirlia,Sinnoh Route 212
Starly,Sinnoh Route 212
Budew,Sinnoh Route 212
Kricketune,Sinnoh Route 212
Gyarados,Sinnoh Route 212
Croagunk,Sinnoh Route 212
Golduck,Sinnoh Route 212
Roselia,Sinnoh Route 212
Smeargle,Sinnoh Route 212
Wooper,Sinnoh Route 212
Ralts,Sinnoh Route 212
Octillery,Sinnoh Route 212
Marill,Sinnoh Route 212
Lombre,Sinnoh Route 212
Remoraid,Sinnoh Route 212
Staravia,Sinnoh Route 212
Shellos,Sinnoh Route 212
Magikarp,Sinnoh Route 212
Buizel,Sinnoh Route 212
Tentacruel,Sinnoh Route 212
Whiscash,Sinnoh Route 212
Grimer,Sinnoh Route 212
Gastrodon,Sinnoh Route 212
Lotad,Sinnoh Route 212
Seaking,Sinnoh Route 212
Gyarados,Sinnoh Route 213
Sharpedo,Sinnoh Route 213
Shellos,Sinnoh Route 213
Magikarp,Sinnoh Route 213
Wingull,Sinnoh Route 213
Pelipper,Sinnoh Route 213
Tentacool,Sinnoh Route 213
Buizel,Sinnoh Route 213
Swellow,Sinnoh Route 213
Tentacruel,Sinnoh Route 213
Remoraid,Sinnoh Route 213
Octillery,Sinnoh Route 213
Gastrodon,Sinnoh Route 213
Absol,Sinnoh Route 213
Chatot,Sinnoh Route 213
Floatzel,Sinnoh Route 213
Psyduck,Sinnoh Route 214
Goldeen,Sinnoh Route 214
Poochyena,Sinnoh Route 214
Vulpix,Sinnoh Route 214
Mightyena,Sinnoh Route 214
Houndoom,Sinnoh Route 214
Stunky,Sinnoh Route 214
Houndour,Sinnoh Route 214
Zubat,Sinnoh Route 214
Gligar,Sinnoh Route 214
Kricketune,Sinnoh Route 214
Gyarados,Sinnoh Route 214
Golduck,Sinnoh Route 214
Ponyta,Sinnoh Route 214
Rhyhorn,Sinnoh Route 214
Girafarig,Sinnoh Route 214
Graveler,Sinnoh Route 214
Magikarp,Sinnoh Route 214
Spoink,Sinnoh Route 214
Sudowoodo,Sinnoh Route 214
Geodude,Sinnoh Route 214
Seaking,Sinnoh Route 214
Staravia,Sinnoh Route 215
Mightyena,Sinnoh Route 215
Houndoom,Sinnoh Route 215
Kadabra,Sinnoh Route 215
Drowzee,Sinnoh Route 215
Lickitung,Sinnoh Route 215
Ponyta,Sinnoh Route 215
Geodude,Sinnoh Route 215
Gligar,Sinnoh Route 215
Marill,Sinnoh Route 215
Scyther,Sinnoh Route 215
Abra,Sinnoh Route 215
Kricketune,Sinnoh Route 215
Snover,Sinnoh Route 216
Sneasel,Sinnoh Route 216
Ursaring,Sinnoh Route 216
Machoke,Sinnoh Route 216
Noctowl,Sinnoh Route 216
Delibird,Sinnoh Route 216
Meditite,Sinnoh Route 216
Zubat,Sinnoh Route 216
Snorunt,Sinnoh Route 216
Graveler,Sinnoh Route 216
Swinub,Sinnoh Route 217
Piloswine,Sinnoh Route 217
Snover,Sinnoh Route 217
Sneasel,Sinnoh Route 217
Ursaring,Sinnoh Route 217
Machoke,Sinnoh Route 217
Noctowl,Sinnoh Route 217
Delibird,Sinnoh Route 217
Medicham,Sinnoh Route 217
Meditite,Sinnoh Route 217
Zubat,Sinnoh Route 217
Snorunt,Sinnoh Route 217
Gyarados,Sinnoh Route 218
Lumineon,Sinnoh Route 218
Shellos,Sinnoh Route 218
Mr. Mime,Sinnoh Route 218
Glameow,Sinnoh Route 218
Magikarp,Sinnoh Route 218
Wingull,Sinnoh Route 218
Ditto,Sinnoh Route 218
Pelipper,Sinnoh Route 218
Tentacool,Sinnoh Route 218
Tentacruel,Sinnoh Route 218
Voltorb,Sinnoh Route 218
Finneon,Sinnoh Route 218
Gastrodon,Sinnoh Route 218
Chatot,Sinnoh Route 218
Floatzel,Sinnoh Route 218
Gyarados,Sinnoh Route 219
Lumineon,Sinnoh Route 219
Magikarp,Sinnoh Route 219
Wingull,Sinnoh Route 219
Pelipper,Sinnoh Route 219
Tentacool,Sinnoh Route 219
Tentacruel,Sinnoh Route 219
Finneon,Sinnoh Route 219
Clamperl,Sinnoh Route 219
Gyarados,Sinnoh Route 220
Lumineon,Sinnoh Route 220
Magikarp,Sinnoh Route 220
Wingull,Sinnoh Route 220
Pelipper,Sinnoh Route 220
Tentacool,Sinnoh Route 220
Tentacruel,Sinnoh Route 220
Finneon,Sinnoh Route 220
Lanturn,Sinnoh Route 220
Chinchou,Sinnoh Route 220
Gyarados,Sinnoh Route 221
Lumineon,Sinnoh Route 221
Shellos,Sinnoh Route 221
Nidorina,Sinnoh Route 221
Magikarp,Sinnoh Route 221
Wingull,Sinnoh Route 221
Roselia,Sinnoh Route 221
Stunky,Sinnoh Route 221
Pelipper,Sinnoh Route 221
Sudowoodo,Sinnoh Route 221
Tentacool,Sinnoh Route 221
Tentacruel,Sinnoh Route 221
Finneon,Sinnoh Route 221
Clamperl,Sinnoh Route 221
Nidorino,Sinnoh Route 221
Skuntank,Sinnoh Route 221
Gastrodon,Sinnoh Route 221
Farfetch'd,Sinnoh Route 221
Girafarig,Sinnoh Route 221
Floatzel,Sinnoh Route 221
Tentacool,Sinnoh Route 222
Chatot,Sinnoh Route 222
Magneton,Sinnoh Route 222
Wingull,Sinnoh Route 222
Magnemite,Sinnoh Route 222
Gyarados,Sinnoh Route 222
Purugly,Sinnoh Route 222
Luxio,Sinnoh Route 222
Pelipper,Sinnoh Route 222
Octillery,Sinnoh Route 222
Electabuzz,Sinnoh Route 222
Skitty,Sinnoh Route 222
Remoraid,Sinnoh Route 222
Floatzel,Sinnoh Route 222
Sharpedo,Sinnoh Route 222
Mr. Mime,Sinnoh Route 222
Glameow,Sinnoh Route 222
Magikarp,Sinnoh Route 222
Flaaffy,Sinnoh Route 222
Tentacruel,Sinnoh Route 222
Gastrodon,Sinnoh Route 222
Gyarados,Sinnoh Route 223
Magikarp,Sinnoh Route 223
Wailmer,Sinnoh Route 223
Pelipper,Sinnoh Route 223
Wailord,Sinnoh Route 223
Tentacruel,Sinnoh Route 223
Octillery,Sinnoh Route 223
Mantyke,Sinnoh Route 223
Remoraid,Sinnoh Route 223
Bellsprout,Sinnoh Route 224
Beautifly,Sinnoh Route 224
Gloom,Sinnoh Route 224
Chatot,Sinnoh Route 224
Dustox,Sinnoh Route 224
Weepinbell,Sinnoh Route 224
Gyarados,Sinnoh Route 224
Oddish,Sinnoh Route 224
Pelipper,Sinnoh Route 224
Roselia,Sinnoh Route 224
Octillery,Sinnoh Route 224
Luvdisc,Sinnoh Route 224
Remoraid,Sinnoh Route 224
Floatzel,Sinnoh Route 224
Shellos,Sinnoh Route 224
Magikarp,Sinnoh Route 224
Shuckle,Sinnoh Route 224
Buizel,Sinnoh Route 224
Duskull,Sinnoh Route 224
Tentacruel,Sinnoh Route 224
Dusclops,Sinnoh Route 224
Gastrodon,Sinnoh Route 224
Natu,Sinnoh Route 224
Psyduck,Sinnoh Route 225
Gyarados,Sinnoh Route 225
Rattata,Sinnoh Route 225
Barboach,Sinnoh Route 225
Magikarp,Sinnoh Route 225
Golduck,Sinnoh Route 225
Roselia,Sinnoh Route 225
Poliwhirl,Sinnoh Route 225
Poliwag,Sinnoh Route 225
Mankey,Sinnoh Route 225
Whiscash,Sinnoh Route 225
Primeape,Sinnoh Route 225
Banette,Sinnoh Route 225
Skuntank,Sinnoh Route 225
Machoke,Sinnoh Route 225
Makuhita,Sinnoh Route 225
Spearow,Sinnoh Route 225
Fearow,Sinnoh Route 225
Graveler,Sinnoh Route 225
Raticate,Sinnoh Route 225
Horsea,Sinnoh Route 226
Primeape,Sinnoh Route 226
Seel,Sinnoh Route 226
Spheal,Sinnoh Route 226
Wingull,Sinnoh Route 226
Dewgong,Sinnoh Route 226
Mankey,Sinnoh Route 226
Relicanth,Sinnoh Route 226
Banette,Sinnoh Route 226
Raticate,Sinnoh Route 226
Gyarados,Sinnoh Route 226
Krabby,Sinnoh Route 226
Golduck,Sinnoh Route 226
Pelipper,Sinnoh Route 226
Machoke,Sinnoh Route 226
Graveler,Sinnoh Route 226
Seadra,Sinnoh Route 226
Magikarp,Sinnoh Route 226
Tentacruel,Sinnoh Route 226
Sealeo,Sinnoh Route 226
Spearow,Sinnoh Route 226
Fearow,Sinnoh Route 226
Rattata,Sinnoh Route 226
Gyarados,Sinnoh Route 227
Magby,Sinnoh Route 227
Weezing,Sinnoh Route 227
Torkoal,Sinnoh Route 227
Barboach,Sinnoh Route 227
Magikarp,Sinnoh Route 227
Golbat,Sinnoh Route 227
Poliwhirl,Sinnoh Route 227
Poliwag,Sinnoh Route 227
Spinda,Sinnoh Route 227
Camerupt,Sinnoh Route 227
Whiscash,Sinnoh Route 227
Rhyhorn,Sinnoh Route 227
Rhydon,Sinnoh Route 227
Banette,Sinnoh Route 227
Skarmory,Sinnoh Route 227
Numel,Sinnoh Route 227
Gligar,Sinnoh Route 227
Fearow,Sinnoh Route 227
Graveler,Sinnoh Route 227
Diglett,Sinnoh Route 228
Gyarados,Sinnoh Route 228
Dugtrio,Sinnoh Route 228
Cacturne,Sinnoh Route 228
Beldum,Sinnoh Route 228
Magikarp,Sinnoh Route 228
Cacnea,Sinnoh Route 228
Poliwhirl,Sinnoh Route 228
Poliwag,Sinnoh Route 228
Whiscash,Sinnoh Route 228
Vibrava,Sinnoh Route 228
Rhydon,Sinnoh Route 228
Trapinch,Sinnoh Route 228
Hippowdon,Sinnoh Route 228
Barboach,Sinnoh Route 228
Sandslash,Sinnoh Route 228
Venonat,Sinnoh Route 229
Bellsprout,Sinnoh Route 229
Venomoth,Sinnoh Route 229
Goldeen,Sinnoh Route 229
Ledian,Sinnoh Route 229
Beautifly,Sinnoh Route 229
Pinsir,Sinnoh Route 229
Gloom,Sinnoh Route 229
Nuzleaf,Sinnoh Route 229
Dustox,Sinnoh Route 229
Wingull,Sinnoh Route 229
Weepinbell,Sinnoh Route 229
Ariados,Sinnoh Route 229
Surskit,Sinnoh Route 229
Gyarados,Sinnoh Route 229
Purugly,Sinnoh Route 229
Pidgey,Sinnoh Route 229
Oddish,Sinnoh Route 229
Roselia,Sinnoh Route 229
Pelipper,Sinnoh Route 229
Masquerain,Sinnoh Route 229
Scyther,Sinnoh Route 229
Lombre,Sinnoh Route 229
Volbeat,Sinnoh Route 229
Magikarp,Sinnoh Route 229
Pineco,Sinnoh Route 229
Illumise,Sinnoh Route 229
Seaking,Sinnoh Route 229
Bellsprout,Sinnoh Route 230
Wailmer,Sinnoh Route 230
Beautifly,Sinnoh Route 230
Corsola,Sinnoh Route 230
Gloom,Sinnoh Route 230
Seel,Sinnoh Route 230
Spheal,Sinnoh Route 230
Dustox,Sinnoh Route 230
Wingull,Sinnoh Route 230
Dewgong,Sinnoh Route 230
Weepinbell,Sinnoh Route 230
Gyarados,Sinnoh Route 230
Oddish,Sinnoh Route 230
Golduck,Sinnoh Route 230
Pelipper,Sinnoh Route 230
Roselia,Sinnoh Route 230
Octillery,Sinnoh Route 230
Remoraid,Sinnoh Route 230
Floatzel,Sinnoh Route 230
Magikarp,Sinnoh Route 230
Togepi,Sinnoh Route 230
Wailord,Sinnoh Route 230
Tentacruel,Sinnoh Route 230
Sealeo,Sinnoh Route 230
Gastrodon,Sinnoh Route 230
Lillipup,Unova Route 1
Herdier,Unova Route 1
Watchog,Unova Route 1
Audino,Unova Route 1
Milotic,Unova Route 1
Wigglytuff,Unova Route 1
Scraggy,Unova Route 1
Jigglypuff,Unova Route 1
Patrat,Unova Route 1
Scrafty,Unova Route 1
Feebas,Unova Route 1
Stoutland,Unova Route 1
Basculin-red-striped,Unova Route 1
Dunsparce,Unova Route 1
Farfetch'd,Unova Route 1
Purrloin,Unova Route 2
Lillipup,Unova Route 2
Audino,Unova Route 2
Watchog,Unova Route 2
Herdier,Unova Route 2
Granbull,Unova Route 2
Wigglytuff,Unova Route 2
Nidoran♀,Unova Route 2
Liepard,Unova Route 2
Wynaut,Unova Route 2
Lickitung,Unova Route 2
Jigglypuff,Unova Route 2
Lickilicky,Unova Route 2
Nidoran♂,Unova Route 2
Patrat,Unova Route 2
Dunsparce,Unova Route 2
Stoutland,Unova Route 2
Purrloin,Unova Route 3
Audino,Unova Route 3
Herdier,Unova Route 3
Tranquill,Unova Route 3
Venonat,Unova Route 3
Goldeen,Unova Route 3
Blitzle,Unova Route 3
Bibarel,Unova Route 3
Unfezant,Unova Route 3
Patrat,Unova Route 3
Yanmega,Unova Route 3
Pidove,Unova Route 3
Corphish,Unova Route 3
Lombre,Unova Route 3
Volbeat,Unova Route 3
Stoutland,Unova Route 3
Lillipup,Unova Route 3
Pachirisu,Unova Route 3
Watchog,Unova Route 3
Yanma,Unova Route 3
Zebstrika,Unova Route 3
Illumise,Unova Route 3
Manectric,Unova Route 3
Crawdaunt,Unova Route 3
Basculin-red-striped,Unova Route 3
Seaking,Unova Route 3
Qwilfish,Unova Route 4
Scraggy,Unova Route 4
Clamperl,Unova Route 4
Finneon,Unova Route 4
Braviary,Unova Route 4
Mandibuzz,Unova Route 4
Trubbish,Unova Route 4
Darumaka,Unova Route 4
Relicanth,Unova Route 4
Huntail,Unova Route 4
Krabby,Unova Route 4
Kingler,Unova Route 4
Luvdisc,Unova Route 4
Hippopotas,Unova Route 4
Minccino,Unova Route 4
Jellicent,Unova Route 4
Lumineon,Unova Route 4
Petilil,Unova Route 4
Sandile,Unova Route 4
Alomomola,Unova Route 4
Frillish,Unova Route 4
Gorebyss,Unova Route 4
Cottonee,Unova Route 4
Audino,Unova Route 5
Gothita,Unova Route 5
Liepard,Unova Route 5
Smeargle,Unova Route 5
Solosis,Unova Route 5
Foongus,Unova Route 5
Cinccino,Unova Route 5
Emolga,Unova Route 5
Natu,Unova Route 5
Minccino,Unova Route 5
Trubbish,Unova Route 5
Audino,Unova Route 6
Tranquill,Unova Route 6
Foongus,Unova Route 6
Vanillite,Unova Route 6
Dunsparce,Unova Route 6
Swadloon,Unova Route 6
Unfezant,Unova Route 6
Poliwhirl,Unova Route 6
Politoed,Unova Route 6
Deerling,Unova Route 6
Azumarill,Unova Route 6
Poliwag,Unova Route 6
Marill,Unova Route 6
Castform,Unova Route 6
Plusle,Unova Route 6
Minun,Unova Route 6
Nosepass,Unova Route 6
Karrablast,Unova Route 6
Leavanny,Unova Route 6
Shelmet,Unova Route 6
Woobat,Unova Route 6
Basculin-red-striped,Unova Route 6
Emolga,Unova Route 6
Audino,Unova Route 7
Furret,Unova Route 7
Watchog,Unova Route 7
Tranquill,Unova Route 7
Unfezant,Unova Route 7
Zebstrika,Unova Route 7
Foongus,Unova Route 7
Zangoose,Unova Route 7
Cubchoo,Unova Route 7
Seviper,Unova Route 7
Sentret,Unova Route 7
Gigalith,Unova Route 7
Deerling,Unova Route 7
Emolga,Unova Route 7
Croagunk,Unova Route 8
Seismitoad,Unova Route 8
Palpitoad,Unova Route 8
Whiscash,Unova Route 8
Karrablast,Unova Route 8
Stunfisk,Unova Route 8
Quagsire,Unova Route 8
Shelmet,Unova Route 8
Barboach,Unova Route 8
Audino,Unova Route 9
Swalot,Unova Route 9
Liepard,Unova Route 9
Houndour,Unova Route 9
Bouffalant,Unova Route 9
Cinccino,Unova Route 9
Gothitelle,Unova Route 9
Reuniclus,Unova Route 9
Emolga,Unova Route 9
Poochyena,Unova Route 9
Muk,Unova Route 9
Duosion,Unova Route 9
Garbodor,Unova Route 9
Pawniard,Unova Route 9
Minccino,Unova Route 9
Gothorita,Unova Route 9
Audino,Unova Route 10
Herdier,Unova Route 10
Amoonguss,Unova Route 10
Tyrogue,Unova Route 10
Foongus,Unova Route 10
Bouffalant,Unova Route 10
Emolga,Unova Route 10
Sawk,Unova Route 10
Throh,Unova Route 10
Rufflet,Unova Route 10
Vullaby,Unova Route 10
Stoutland,Unova Route 10
Audino,Unova Route 11
Goldeen,Unova Route 11
Virizion,Unova Route 11
Shroomish,Unova Route 11
Braviary,Unova Route 11
Gliscor,Unova Route 11
Mandibuzz,Unova Route 11
Gligar,Unova Route 11
Zangoose,Unova Route 11
Paras,Unova Route 11
Amoonguss,Unova Route 11
Golduck,Unova Route 11
Azumarill,Unova Route 11
Masquerain,Unova Route 11
Marill,Unova Route 11
Bisharp,Unova Route 11
Floatzel,Unova Route 11
Vullaby,Unova Route 11
Shelmet,Unova Route 11
Buizel,Unova Route 11
Seviper,Unova Route 11
Karrablast,Unova Route 11
Rufflet,Unova Route 11
Pawniard,Unova Route 11
Basculin-red-striped,Unova Route 11
Seaking,Unova Route 11
Emolga,Unova Route 11
Audino,Unova Route 12
Tranquill,Unova Route 12
Beedrill,Unova Route 12
Sunflora,Unova Route 12
Sewaddle,Unova Route 12
Vespiquen,Unova Route 12
Pinsir,Unova Route 12
Dunsparce,Unova Route 12
Cherrim,Unova Route 12
Unfezant,Unova Route 12
Roserade,Unova Route 12
Rapidash,Unova Route 12
Roselia,Unova Route 12
Doduo,Unova Route 12
Butterfree,Unova Route 12
Sunkern,Unova Route 12
Heracross,Unova Route 12
Combee,Unova Route 12
Metapod,Unova Route 12
Leavanny,Unova Route 12
Kakuna,Unova Route 12
Emolga,Unova Route 12
Audino,Unova Route 13
Skorupi,Unova Route 13
Lunatone,Unova Route 13
Foongus,Unova Route 13
Corsola,Unova Route 13
Absol,Unova Route 13
Tangela,Unova Route 13
Spheal,Unova Route 13
Wingull,Unova Route 13
Crobat,Unova Route 13
Starmie,Unova Route 13
Cloyster,Unova Route 13
Krabby,Unova Route 13
Staryu,Unova Route 13
Kingler,Unova Route 13
Pelipper,Unova Route 13
Drifblim,Unova Route 13
Shuppet,Unova Route 13
Luvdisc,Unova Route 13
Jellicent,Unova Route 13
Cobalion,Unova Route 13
Shellder,Unova Route 13
Tangrowth,Unova Route 13
Drifloon,Unova Route 13
Golbat,Unova Route 13
Frillish,Unova Route 13
Swellow,Unova Route 13
Solrock,Unova Route 13
Basculin-red-striped,Unova Route 13
Emolga,Unova Route 13
Audino,Unova Route 14
Altaria,Unova Route 14
Beheeyem,Unova Route 14
Swablu,Unova Route 14
Wigglytuff,Unova Route 14
Tropius,Unova Route 14
Mienfoo,Unova Route 14
Golduck,Unova Route 14
Yanma,Unova Route 14
Goldeen,Unova Route 14
Shuckle,Unova Route 14
Drifblim,Unova Route 14
Mienshao,Unova Route 14
Jigglypuff,Unova Route 14
Buizel,Unova Route 14
Floatzel,Unova Route 14
Absol,Unova Route 14
Basculin-red-striped,Unova Route 14
Seaking,Unova Route 14
Emolga,Unova Route 14
Audino,Unova Route 15
Kangaskhan,Unova Route 15
Marowak,Unova Route 15
Watchog,Unova Route 15
Rotom,Unova Route 15
Tyranitar,Unova Route 15
Mankey,Unova Route 15
Pupitar,Unova Route 15
Sawk,Unova Route 15
Throh,Unova Route 15
Scrafty,Unova Route 15
Gliscor,Unova Route 15
Gligar,Unova Route 15
Fearow,Unova Route 15
Sandslash,Unova Route 15
Emolga,Unova Route 15
Audino,Unova Route 16
Gothita,Unova Route 16
Liepard,Unova Route 16
Solosis,Unova Route 16
Cinccino,Unova Route 16
Emolga,Unova Route 16
Pineco,Unova Route 16
Minccino,Unova Route 16
Trubbish,Unova Route 16
Lumineon,Unova Route 17
Seadra,Unova Route 17
Horsea,Unova Route 17
Qwilfish,Unova Route 17
Alomomola,Unova Route 17
Frillish,Unova Route 17
Kingdra,Unova Route 17
Finneon,Unova Route 17
Jellicent,Unova Route 17
Audino,Unova Route 18
Horsea,Unova Route 18
Carnivine,Unova Route 18
Qwilfish,Unova Route 18
Scraggy,Unova Route 18
Dwebble,Unova Route 18
Sawk,Unova Route 18
Finneon,Unova Route 18
Scrafty,Unova Route 18
Corsola,Unova Route 18
Dunsparce,Unova Route 18
Chatot,Unova Route 18
Tropius,Unova Route 18
Crustle,Unova Route 18
Throh,Unova Route 18
Chinchou,Unova Route 18
Exeggcute,Unova Route 18
Kingler,Unova Route 18
Kingdra,Unova Route 18
Hoppip,Unova Route 18
Larvesta,Unova Route 18
Jellicent,Unova Route 18
Lumineon,Unova Route 18
Seadra,Unova Route 18
Watchog,Unova Route 18
Alomomola,Unova Route 18
Frillish,Unova Route 18
Dragonite,Unova Route 18
Purrloin,Unova Route 19
Poliwhirl,Unova Route 19
Poliwag,Unova Route 19
Politoed,Unova Route 19
Patrat,Unova Route 19
Basculin-red-striped,Unova Route 19
Purrloin,Unova Route 20
Audino,Unova Route 20
Sunkern,Unova Route 20
Mr. Mime,Unova Route 20
Venipede,Unova Route 20
Azumarill,Unova Route 20
Basculin-red-striped,Unova Route 20
Poliwag,Unova Route 20
Poliwhirl,Unova Route 20
Sudowoodo,Unova Route 20
Politoed,Unova Route 20
Patrat,Unova Route 20
Marill,Unova Route 20
Sewaddle,Unova Route 20
Dunsparce,Unova Route 20
Azurill,Unova Route 20
Pidove,Unova Route 20
Alomomola,Unova Route 21
Frillish,Unova Route 21
Mantine,Unova Route 21
Octillery,Unova Route 21
Luvdisc,Unova Route 21
Mantyke,Unova Route 21
Jellicent,Unova Route 21
Remoraid,Unova Route 21
Audino,Unova Route 22
Amoonguss,Unova Route 22
Terrakion,Unova Route 22
Lunatone,Unova Route 22
Mienfoo,Unova Route 22
Golduck,Unova Route 22
Pelipper,Unova Route 22
Azumarill,Unova Route 22
Goldeen,Unova Route 22
Ledian,Unova Route 22
Delibird,Unova Route 22
Solrock,Unova Route 22
Ariados,Unova Route 22
Marill,Unova Route 22
Basculin-red-striped,Unova Route 22
Seaking,Unova Route 22
Emolga,Unova Route 22
Audino,Unova Route 23
Poliwrath,Unova Route 23
Sawk,Unova Route 23
Gliscor,Unova Route 23
Absol,Unova Route 23
Mienfoo,Unova Route 23
Poliwhirl,Unova Route 23
Bouffalant,Unova Route 23
Throh,Unova Route 23
Gligar,Unova Route 23
Zangoose,Unova Route 23
Azelf,Unova Route 23
Amoonguss,Unova Route 23
Golduck,Unova Route 23
Poliwag,Unova Route 23
Vullaby,Unova Route 23
Floatzel,Unova Route 23
Buizel,Unova Route 23
Mienshao,Unova Route 23
Seviper,Unova Route 23
Rufflet,Unova Route 23
Basculin-red-striped,Unova Route 23
Emolga,Unova Route 23
Pidgey,Kalos Route 2
Bunnelby,Kalos Route 2
Fletchling,Kalos Route 2
Zigzagoon,Kalos Route 2
Weedle,Kalos Route 2
Caterpie,Kalos Route 2
Scatterbug,Kalos Route 2
Bidoof,Kalos Route 3
Gyarados,Kalos Route 3
Pidgey,Kalos Route 3
Corphish,Kalos Route 3
Magikarp,Kalos Route 3
Burmy,Kalos Route 3
Goldeen,Kalos Route 3
Fletchling,Kalos Route 3
Seaking,Kalos Route 3
Marill,Kalos Route 3
Masquerain,Kalos Route 3
Bunnelby,Kalos Route 3
Crawdaunt,Kalos Route 3
Pikachu,Kalos Route 3
Dunsparce,Kalos Route 3
Azurill,Kalos Route 3
Combee,Kalos Route 4
Ralts,Kalos Route 4
Skitty,Kalos Route 4
Flabébé,Kalos Route 4
Budew,Kalos Route 4
Ledyba,Kalos Route 4
Pancham,Kalos Route 5
Skiddo,Kalos Route 5
Plusle,Kalos Route 5
Minun,Kalos Route 5
Gulpin,Kalos Route 5
Doduo,Kalos Route 5
Scraggy,Kalos Route 5
Furfrou,Kalos Route 5
Bunnelby,Kalos Route 5
Abra,Kalos Route 5
Audino,Kalos Route 6
Oddish,Kalos Route 6
Espurr,Kalos Route 6
Venipede,Kalos Route 6
Kecleon,Kalos Route 6
Honedge,Kalos Route 6
Nincada,Kalos Route 6
Sentret,Kalos Route 6
Psyduck,Kalos Route 7
Croagunk,Kalos Route 7
Ducklett,Kalos Route 7
Spritzee,Kalos Route 7
Smeargle,Kalos Route 7
Roselia,Kalos Route 7
Snorlax,Kalos Route 7
Illumise,Kalos Route 7
Hoppip,Kalos Route 7
Swirlix,Kalos Route 7
Flabébé,Kalos Route 7
Volbeat,Kalos Route 7
Wailmer,Kalos Route 8
Qwilfish,Kalos Route 8
Tentacool,Kalos Route 8
Dwebble,Kalos Route 8
Absol,Kalos Route 8
Binacle,Kalos Route 8
Clauncher,Kalos Route 8
Inkay,Kalos Route 8
Mienfoo,Kalos Route 8
Wingull,Kalos Route 8
Taillow,Kalos Route 8
Bagon,Kalos Route 8
Starmie,Kalos Route 8
Zangoose,Kalos Route 8
Clawitzer,Kalos Route 8
Cloyster,Kalos Route 8
Dragalge,Kalos Route 8
Staryu,Kalos Route 8
Skrelp,Kalos Route 8
Luvdisc,Kalos Route 8
Shellder,Kalos Route 8
Spoink,Kalos Route 8
Drifloon,Kalos Route 8
Seviper,Kalos Route 8
Hippopotas,Kalos Route 9
Sandile,Kalos Route 9
Helioptile,Kalos Route 9
Sigilyph,Kalos Route 10
Hawlucha,Kalos Route 10
Yanma,Kalos Route 10
Snubbull,Kalos Route 10
Nosepass,Kalos Route 10
Houndour,Kalos Route 10
Eevee,Kalos Route 10
Electrike,Kalos Route 10
Golett,Kalos Route 10
Emolga,Kalos Route 10
Staravia,Kalos Route 11
Nidorina,Kalos Route 11
Nidoran♀,Kalos Route 11
Stunky,Kalos Route 11
Starly,Kalos Route 11
Chingling,Kalos Route 11
Hariyama,Kalos Route 11
Dedenne,Kalos Route 11
Sawk,Kalos Route 11
Nidorino,Kalos Route 11
Throh,Kalos Route 11
Nidoran♂,Kalos Route 11
Slowpoke,Kalos Route 12
Tentacool,Kalos Route 12
Clamperl,Kalos Route 12
Dwebble,Kalos Route 12
Corsola,Kalos Route 12
Lapras,Kalos Route 12
Binacle,Kalos Route 12
Pinsir,Kalos Route 12
Chatot,Kalos Route 12
Tauros,Kalos Route 12
Wingull,Kalos Route 12
Mareep,Kalos Route 12
Huntail,Kalos Route 12
Mantyke,Kalos Route 12
Exeggcute,Kalos Route 12
Miltank,Kalos Route 12
Octillery,Kalos Route 12
Luvdisc,Kalos Route 12
Remoraid,Kalos Route 12
Pachirisu,Kalos Route 12
Heracross,Kalos Route 12
Gorebyss,Kalos Route 12
Dugtrio,Kalos Route 13
Slugma,Kalos Route 13
Gible,Kalos Route 13
Trapinch,Kalos Route 13
Graveler,Kalos Route 13
Goomy,Kalos Route 14
Bellsprout,Kalos Route 14
Skorupi,Kalos Route 14
Ekans,Kalos Route 14
Carnivine,Kalos Route 14
Poliwhirl,Kalos Route 14
Poliwag,Kalos Route 14
Haunter,Kalos Route 14
Whiscash,Kalos Route 14
Karrablast,Kalos Route 14
Stunfisk,Kalos Route 14
Weepinbell,Kalos Route 14
Quagsire,Kalos Route 14
Shelmet,Kalos Route 14
Barboach,Kalos Route 14
Skorupi,Kalos Route 15
Mightyena,Kalos Route 15
Watchog,Kalos Route 15
Murkrow,Kalos Route 15
Liepard,Kalos Route 15
Foongus,Kalos Route 15
Poliwhirl,Kalos Route 15
Poliwag,Kalos Route 15
Basculin-red-striped,Kalos Route 15
Pawniard,Kalos Route 15
Lombre,Kalos Route 15
Klefki,Kalos Route 15
Floatzel,Kalos Route 15
Skorupi,Kalos Route 16
Murkrow,Kalos Route 16
Foongus,Kalos Route 16
Poliwhirl,Kalos Route 16
Poliwag,Kalos Route 16
Basculin-red-striped,Kalos Route 16
Pumpkaboo-average,Kalos Route 16
Weepinbell,Kalos Route 16
Phantump,Kalos Route 16
Lombre,Kalos Route 16
Klefki,Kalos Route 16
Floatzel,Kalos Route 16
Delibird,Kalos Route 17
Abomasnow,Kalos Route 17
Snover,Kalos Route 17
Sneasel,Kalos Route 17
Torkoal,Kalos Route 18
Gurdurr,Kalos Route 18
Shuckle,Kalos Route 18
Geodude,Kalos Route 18
Sandslash,Kalos Route 18
Durant,Kalos Route 18
Pupitar,Kalos Route 18
Heatmor,Kalos Route 18
Lairon,Kalos Route 18
Graveler,Kalos Route 18
Sliggoo,Kalos Route 19
Carnivine,Kalos Route 19
Arbok,Kalos Route 19
Poliwhirl,Kalos Route 19
Poliwag,Kalos Route 19
Haunter,Kalos Route 19
Politoed,Kalos Route 19
Drapion,Kalos Route 19
Karrablast,Kalos Route 19
Whiscash,Kalos Route 19
Stunfisk,Kalos Route 19
Weepinbell,Kalos Route 19
Quagsire,Kalos Route 19
Gligar,Kalos Route 19
Shelmet,Kalos Route 19
Barboach,Kalos Route 19
Amoonguss,Kalos Route 20
Foongus,Kalos Route 20
Trevenant,Kalos Route 20
Sudowoodo,Kalos Route 20
Jigglypuff,Kalos Route 20
Noctowl,Kalos Route 20
Zoroark,Kalos Route 20
Gothorita,Kalos Route 20
Altaria,Kalos Route 21
Swablu,Kalos Route 21
Ursaring,Kalos Route 21
Poliwhirl,Kalos Route 21
Spinda,Kalos Route 21
Poliwag,Kalos Route 21
Basculin-red-striped,Kalos Route 21
Dragonair,Kalos Route 21
Scyther,Kalos Route 21
Lombre,Kalos Route 21
Dratini,Kalos Route 21
Floatzel,Kalos Route 21
Psyduck,Kalos Route 22
Bidoof,Kalos Route 22
Gyarados,Kalos Route 22
Sharpedo,Kalos Route 22
Bibarel,Kalos Route 22
Magikarp,Kalos Route 22
Azumarill,Kalos Route 22
Goldeen,Kalos Route 22
Seaking,Kalos Route 22
Diggersby,Kalos Route 22
Riolu,Kalos Route 22
Carvanha,Kalos Route 22
Farfetch'd,Kalos Route 22
Bunnelby,Kalos Route 22
Litleo,Kalos Route 22
Dunsparce,Kalos Route 22
Azurill,Kalos Route 22
